use BancoDeAlimentos;

-- Familia

INSERT INTO Family(idFamily, familyMembers, familyLastName, pregnancy)
VALUES ("F01", 4, "Gardida Santos", 13);
INSERT INTO Family(idFamily, familyMembers, familyLastName, pregnancy)
VALUES ("F02", 3, "Jiménez García", 2);
INSERT INTO Family(idFamily, familyMembers, familyLastName, pregnancy)
VALUES ("F03", 3, "Xatruch Adame", 4);
INSERT INTO Family(idFamily, familyMembers, familyLastName, pregnancy)
VALUES ("F04", 4, "Hernández González", 3);
INSERT INTO Family(idFamily, familyMembers, familyLastName, pregnancy)
VALUES ("F05", 3, "Martínez Padilla", 3);
INSERT INTO Family(idFamily, familyMembers, familyLastName, pregnancy)
VALUES ("F06", 3, "Cortés López", 0);
INSERT INTO Family(idFamily, familyMembers, familyLastName, pregnancy)
VALUES ("F07", 4, "González Prieto", 0);
INSERT INTO Family(idFamily, familyMembers, familyLastName, pregnancy)
VALUES ("F08", 3, "Pérez Rivera", 9);
INSERT INTO Family(idFamily, familyMembers, familyLastName, pregnancy)
VALUES ("F09", 3, "Rodríguez Estrada", 13);
INSERT INTO Family(idFamily, familyMembers, familyLastName, pregnancy)
VALUES ("F10", 4, "Sánchez Cordero", 7);

-- Encuesta

insert into Survey(idUser,idFamily, latitude, longitude, date_) 
Values (1, "F01",18.615576,-99.180106,"27-09-2022");
insert into Survey(idUser,idFamily, latitude, longitude, date_) 
Values (1, "F02",18.609638,-99.179805,"28-09-2022");
insert into Survey(idUser,idFamily, latitude, longitude, date_) 
Values (1, "F03",19.035095,-99.268125,"29-09-2022");
insert into Survey(idUser,idFamily, latitude, longitude, date_) 
Values (1, "F04",18.952639,-99.190534,"30-09-2022");
insert into Survey(idUser,idFamily, latitude, longitude, date_) 
Values (1, "F05",19.220393,-99.105728,"01-10-2022");
insert into Survey(idUser,idFamily, latitude, longitude, date_) 
Values (1, "F06",19.409446,-99.152935,"02-10-2022");
insert into Survey(idUser,idFamily, latitude, longitude, date_) 
Values (1, "F07",19.477432,-99.188297,"03-10-2022");
insert into Survey(idUser,idFamily, latitude, longitude, date_) 
Values (1, "F08",19.414627,-99.019382,"04-10-2022");
insert into Survey(idUser,idFamily, latitude, longitude, date_) 
Values (1, "F09",22.252007,-99.670640,"05-10-2022");
insert into Survey(idUser,idFamily, latitude, longitude, date_) 
Values (1, "F10",24.047571,-98.900332,"06-10-2022");

insert into MedicalCondition(idFamily, medicalConditionNumber, medicalConditionName)
Values ("F02", 1, "Diabetes");
insert into MedicalCondition(idFamily, medicalConditionNumber, medicalConditionName)
Values ("F02", 1, "Diabetes");
insert into MedicalCondition(idFamily, medicalConditionNumber, medicalConditionName)
Values ("F04", 1, "Diabetes");
insert into MedicalCondition(idFamily, medicalConditionNumber, medicalConditionName)
Values ("F05", 2, "Hipertensión");
insert into MedicalCondition(idFamily, medicalConditionNumber, medicalConditionName)
Values ("F07", 1, "Hipertensión");
insert into MedicalCondition(idFamily, medicalConditionNumber, medicalConditionName)
Values ("F09", 1, "Obesidad");

insert into Question(idQuestion, idSurvey, answer)
values(1, 1, "4");
insert into Question(idQuestion, idSurvey, answer)
values(1, 2, "5");
insert into Question(idQuestion, idSurvey, answer)
values(1, 3, "5");
insert into Question(idQuestion, idSurvey, answer)
values(1, 4, "3");
insert into Question(idQuestion, idSurvey, answer)
values(1, 5, "4");
insert into Question(idQuestion, idSurvey, answer)
values(1, 6, "5");
insert into Question(idQuestion, idSurvey, answer)
values(1, 7, "3");
insert into Question(idQuestion, idSurvey, answer)
values(1, 8, "4");
insert into Question(idQuestion, idSurvey, answer)
values(1, 9, "4");
insert into Question(idQuestion, idSurvey, answer)
values(1, 10, "6");

insert into Question(idQuestion, idSurvey, answer)
values(2, 1, "a01_b01_c01_d02_e02");
insert into Question(idQuestion, idSurvey, answer)
values(2, 2, "b01_c01_d02");
insert into Question(idQuestion, idSurvey, answer)
values(2, 3, "a05_d02");
insert into Question(idQuestion, idSurvey, answer)
values(2, 4, "c01_d01_e02");
insert into Question(idQuestion, idSurvey, answer)
values(2, 5, "e02");
insert into Question(idQuestion, idSurvey, answer)
values(2, 6, "d02");
insert into Question(idQuestion, idSurvey, answer)
values(2, 7, "a03_b03_d02");
insert into Question(idQuestion, idSurvey, answer)
values(2, 8, "c02_d01_e02");
insert into Question(idQuestion, idSurvey, answer)
values(2, 9, "c03_d01");
insert into Question(idQuestion, idSurvey, answer)
values(2, 10, "a01_c03_d02");

insert into Question(idQuestion, idSurvey, answer)
values(5, 1, "Ninguno");
insert into Question(idQuestion, idSurvey, answer)
values(5, 2, "WHEY PROTEIN");
insert into Question(idQuestion, idSurvey, answer)
values(5, 3, "ENSURE");
insert into Question(idQuestion, idSurvey, answer)
values(5, 4, "CAL-C-TOSE");
insert into Question(idQuestion, idSurvey, answer)
values(5, 5, "Ninguno");
insert into Question(idQuestion, idSurvey, answer)
values(5, 6, "WHEY PROTEIN");
insert into Question(idQuestion, idSurvey, answer)
values(5, 7, "WHEY PROTEIN");
insert into Question(idQuestion, idSurvey, answer)
values(5, 8, "CAL-C-TOSE");
insert into Question(idQuestion, idSurvey, answer)
values(5, 9, "GLUCERNA");
insert into Question(idQuestion, idSurvey, answer)
values(5, 10, "Ninguno");

insert into Question(idQuestion, idSurvey, answer)
values(6, 1, "Sí");
insert into Question(idQuestion, idSurvey, answer)
values(6, 2, "Sí");
insert into Question(idQuestion, idSurvey, answer)
values(6, 3, "Sí");
insert into Question(idQuestion, idSurvey, answer)
values(6, 4, "Sí");
insert into Question(idQuestion, idSurvey, answer)
values(6, 5, "Sí");
insert into Question(idQuestion, idSurvey, answer)
values(6, 6, "No");
insert into Question(idQuestion, idSurvey, answer)
values(6, 7, "No");
insert into Question(idQuestion, idSurvey, answer)
values(6, 8, "No");
insert into Question(idQuestion, idSurvey, answer)
values(6, 9, "No");
insert into Question(idQuestion, idSurvey, answer)
values(6, 10, "No");

insert into Question(idQuestion, idSurvey, answer)
values(7, 1, "De 1 a 2 comidas");
insert into Question(idQuestion, idSurvey, answer)
values(7, 2, "De 1 a 2 comidas");
insert into Question(idQuestion, idSurvey, answer)
values(7, 3, "De 3 a más comidas");
insert into Question(idQuestion, idSurvey, answer)
values(7, 4, "De 3 a más comidas");
insert into Question(idQuestion, idSurvey, answer)
values(7, 5, "De 3 a más comidas");
insert into Question(idQuestion, idSurvey, answer)
values(7, 6, "De 3 a más comidas");
insert into Question(idQuestion, idSurvey, answer)
values(7, 7, "De 3 a más comidas");
insert into Question(idQuestion, idSurvey, answer)
values(7, 8, "De 1 a 2 comidas");
insert into Question(idQuestion, idSurvey, answer)
values(7, 9, "De 3 a más comidas");
insert into Question(idQuestion, idSurvey, answer)
values(7, 10, "De 1 a 2 comidas");

insert into Question(idQuestion, idSurvey, answer)
values(8, 1, "No");
insert into Question(idQuestion, idSurvey, answer)
values(8, 2, "Sí");
insert into Question(idQuestion, idSurvey, answer)
values(8, 3, "No");
insert into Question(idQuestion, idSurvey, answer)
values(8, 4, "Sí");
insert into Question(idQuestion, idSurvey, answer)
values(8, 5, "No");
insert into Question(idQuestion, idSurvey, answer)
values(8, 6, "No");
insert into Question(idQuestion, idSurvey, answer)
values(8, 7, "Sí");
insert into Question(idQuestion, idSurvey, answer)
values(8, 8, "No");
insert into Question(idQuestion, idSurvey, answer)
values(8, 9, "No");
insert into Question(idQuestion, idSurvey, answer)
values(8, 10, "No");

insert into Question(idQuestion, idSurvey, answer)
values(9, 1, "Menos de $5,255 MXN");
insert into Question(idQuestion, idSurvey, answer)
values(9, 2, "Menos de $5,255 MXN");
insert into Question(idQuestion, idSurvey, answer)
values(9, 3, "Más de $5,255 MXN");
insert into Question(idQuestion, idSurvey, answer)
values(9, 4, "Menos de $5,255 MXN");
insert into Question(idQuestion, idSurvey, answer)
values(9, 5, "Menos de $5,255 MXN");
insert into Question(idQuestion, idSurvey, answer)
values(9, 6, "Más de $5,255 MXN");
insert into Question(idQuestion, idSurvey, answer)
values(9, 7, "Menos de $5,255 MXN");
insert into Question(idQuestion, idSurvey, answer)
values(9, 8, "Menos de $5,255 MXN");
insert into Question(idQuestion, idSurvey, answer)
values(9, 9, "Menos de $5,255 MXN");
insert into Question(idQuestion, idSurvey, answer)
values(9, 10, "Menos de $5,255 MXN");

insert into Question(idQuestion, idSurvey, answer)
values(10, 1, "20% aproximadamente");
insert into Question(idQuestion, idSurvey, answer)
values(10, 2, "20% aproximadamente");
insert into Question(idQuestion, idSurvey, answer)
values(10, 3, "35% aproximadamente");
insert into Question(idQuestion, idSurvey, answer)
values(10, 4, "35% aproximadamente");
insert into Question(idQuestion, idSurvey, answer)
values(10, 5, "20% aproximadamente");
insert into Question(idQuestion, idSurvey, answer)
values(10, 6, "35% aproximadamente");
insert into Question(idQuestion, idSurvey, answer)
values(10, 7, "20% aproximadamente");
insert into Question(idQuestion, idSurvey, answer)
values(10, 8, "35% aproximadamente");
insert into Question(idQuestion, idSurvey, answer)
values(10, 9, "50% aproximadamente");
insert into Question(idQuestion, idSurvey, answer)
values(10, 10, "20% aproximadamente");

-- "a_01_a_4000"
Select * from User_;
select * from Family;
select * from Survey;
select * from Question where ((idQuestion = 11) AND (SUBSTRING(answer,6,1)= 'a'));
select * from MedicalCondition;
-- SELECT SUBSTRING(answer,6,1) AS answer FROM Question WHERE ((idQuestion = 11) AND ((SUBSTRING(answer,3,2 ) = '01'  )));
-- delete from Question where idQuestion = 11;
-- SELECT SUBSTRING(answer,3,2) AS food, SUBSTRING(answer,8) AS quantity FROM Question WHERE ((idQuestion = 11) AND ((SUBSTRING(answer,1,1 ) = 'a'  )));
-- SELECT SUBSTRING(answer,6,1) AS freq, COUNT(*) AS cou FROM Question WHERE ((idQuestion = 11) AND ((SUBSTRING(answer,3,2 ) = '01'  ))) GROUP BY freq;
-- SELECT * FROM User_ WHERE ((userType = "Voluntario") AND (isActive = 1));
-- SELECT * FROM Question WHERE ((idSurvey = 2) AND (idQuestion = 1))
-- SELECT s.idFamily, s.idSurvey, s.latitude, s.longitude, familyLastName, date_ FROM Survey s JOIN Family f ON s.idFamily = f.idFamily WHERE idSurvey=2; 
-- SELECT m.medicalConditionName, m.medicalConditionNumber FROM MedicalCondition m JOIN Survey s ON m.idFamily = s.idFamily WHERE idSurvey= 4;
-- SELECT f.pregnancy FROM Family f JOIN Survey s ON f.idFamily = s.idFamily WHERE idSurvey= 3;
-- SELECT SUBSTRING(answer,6,1) AS freq, SUBSTRING(answer,8) AS quantity FROM Question WHERE ((idQuestion = 11) AND (idSurvey= 1) AND ((SUBSTRING(answer,3,2 ) = '11')))
-- UPDATE User_ SET img = '/9j/4AAQSkZJRgABAQEBLAEsAAD/4QBaRXhpZgAASUkqAAgAAAABAA4BAgA4AAAAGgAAAAAAAABHcmV5IHN0cmlwcGVkIG1peGVkLWJyZWVkIGNhdCBzaXR0aW5nLCBpc29sYXRlZCBvbiB3aGl0Zf/hBVdodHRwOi8vbnMuYWRvYmUuY29tL3hhcC8xLjAvADw/eHBhY2tldCBiZWdpbj0i77u/IiBpZD0iVzVNME1wQ2VoaUh6cmVTek5UY3prYzlkIj8+Cjx4OnhtcG1ldGEgeG1sbnM6eD0iYWRvYmU6bnM6bWV0YS8iPgoJPHJkZjpSREYgeG1sbnM6cmRmPSJodHRwOi8vd3d3LnczLm9yZy8xOTk5LzAyLzIyLXJkZi1zeW50YXgtbnMjIj4KCQk8cmRmOkRlc2NyaXB0aW9uIHJkZjphYm91dD0iIiB4bWxuczpwaG90b3Nob3A9Imh0dHA6Ly9ucy5hZG9iZS5jb20vcGhvdG9zaG9wLzEuMC8iIHhtbG5zOklwdGM0eG1wQ29yZT0iaHR0cDovL2lwdGMub3JnL3N0ZC9JcHRjNHhtcENvcmUvMS4wL3htbG5zLyIgICB4bWxuczpHZXR0eUltYWdlc0dJRlQ9Imh0dHA6Ly94bXAuZ2V0dHlpbWFnZXMuY29tL2dpZnQvMS4wLyIgeG1sbnM6ZGM9Imh0dHA6Ly9wdXJsLm9yZy9kYy9lbGVtZW50cy8xLjEvIiB4bWxuczpwbHVzPSJodHRwOi8vbnMudXNlcGx1cy5vcmcvbGRmL3htcC8xLjAvIiAgeG1sbnM6aXB0Y0V4dD0iaHR0cDovL2lwdGMub3JnL3N0ZC9JcHRjNHhtcEV4dC8yMDA4LTAyLTI5LyIgeG1sbnM6eG1wUmlnaHRzPSJodHRwOi8vbnMuYWRvYmUuY29tL3hhcC8xLjAvcmlnaHRzLyIgcGhvdG9zaG9wOkNyZWRpdD0iR2V0dHkgSW1hZ2VzL2lTdG9ja3Bob3RvIiBHZXR0eUltYWdlc0dJRlQ6QXNzZXRJRD0iMTIxNzgyODI1OCIgeG1wUmlnaHRzOldlYlN0YXRlbWVudD0iaHR0cHM6Ly93d3cuaXN0b2NrcGhvdG8uY29tL2xlZ2FsL2xpY2Vuc2UtYWdyZWVtZW50P3V0bV9tZWRpdW09b3JnYW5pYyZhbXA7dXRtX3NvdXJjZT1nb29nbGUmYW1wO3V0bV9jYW1wYWlnbj1pcHRjdXJsIiA+CjxkYzpjcmVhdG9yPjxyZGY6U2VxPjxyZGY6bGk+R2xvYmFsUDwvcmRmOmxpPjwvcmRmOlNlcT48L2RjOmNyZWF0b3I+PGRjOmRlc2NyaXB0aW9uPjxyZGY6QWx0PjxyZGY6bGkgeG1sOmxhbmc9IngtZGVmYXVsdCI+R3JleSBzdHJpcHBlZCBtaXhlZC1icmVlZCBjYXQgc2l0dGluZywgaXNvbGF0ZWQgb24gd2hpdGU8L3JkZjpsaT48L3JkZjpBbHQ+PC9kYzpkZXNjcmlwdGlvbj4KPHBsdXM6TGljZW5zb3I+PHJkZjpTZXE+PHJkZjpsaSByZGY6cGFyc2VUeXBlPSdSZXNvdXJjZSc+PHBsdXM6TGljZW5zb3JVUkw+aHR0cHM6Ly93d3cuaXN0b2NrcGhvdG8uY29tL3Bob3RvL2xpY2Vuc2UtZ20xMjE3ODI4MjU4LT91dG1fbWVkaXVtPW9yZ2FuaWMmYW1wO3V0bV9zb3VyY2U9Z29vZ2xlJmFtcDt1dG1fY2FtcGFpZ249aXB0Y3VybDwvcGx1czpMaWNlbnNvclVSTD48L3JkZjpsaT48L3JkZjpTZXE+PC9wbHVzOkxpY2Vuc29yPgoJCTwvcmRmOkRlc2NyaXB0aW9uPgoJPC9yZGY6UkRGPgo8L3g6eG1wbWV0YT4KPD94cGFja2V0IGVuZD0idyI/Pgr/7QCCUGhvdG9zaG9wIDMuMAA4QklNBAQAAAAAAGYcAlAAB0dsb2JhbFAcAngAOEdyZXkgc3RyaXBwZWQgbWl4ZWQtYnJlZWQgY2F0IHNpdHRpbmcsIGlzb2xhdGVkIG9uIHdoaXRlHAJuABhHZXR0eSBJbWFnZXMvaVN0b2NrcGhvdG//2wBDAAoHBwgHBgoICAgLCgoLDhgQDg0NDh0VFhEYIx8lJCIfIiEmKzcvJik0KSEiMEExNDk7Pj4+JS5ESUM8SDc9Pjv/2wBDAQoLCw4NDhwQEBw7KCIoOzs7Ozs7Ozs7Ozs7Ozs7Ozs7Ozs7Ozs7Ozs7Ozs7Ozs7Ozs7Ozs7Ozs7Ozs7Ozs7Ozv/wgARCAJIAmQDAREAAhEBAxEB/8QAGgABAAMBAQEAAAAAAAAAAAAAAAMEBQIBBv/EABgBAQEBAQEAAAAAAAAAAAAAAAABAgME/9oADAMBAAIQAxAAAAH7MAAAAAAAAAAAAAAAAAAAAAAAAAAAAAAAAAAAAAAAAAAAAAAAAAAAAAAAAAAAAAAAAAAAAAAAAAAAAAAAAAAAAAAAAAAAAAAAAAAAAAAAAAAAAAAAAAAAAAAAAAAAAAAAAAAAAAAAAAAAAAAAAAAAAAAAAAAAAAAAAAAAAAAAAAAAAAAq5trUAAAAAAAAAAAAAAAAAAAAAAAAAAAA8B6AAAAAAAClmxy6G8+gAAAAAAAAAAAAAAAAAAAAAAAAAAAxMapTW1rN3WfQAAAAACpGFz6be8XNT0AAAAAAAAAAAAAAAAAAAAAAAAAAA8PiufTsnNe51N59AAAAB4cR8djesam8W6AAAAAAAAAAAAAAAAAAAAAAAAAAAHh8Rz7QppXPculZrbx6AAAARR8rnU2dW9TW1ixQAAAAAAAAAAAAAAAAAAAAAAAAAAA8PjuXapZfubJ1FqzX1n2vD08OIhJSquBm1pb0s9m9vEtAAAAAAAAAAAAAAAAAAAAAAAAAAAAfMc+2TZzZpJcivL2XtZzInISusR2Dojltxa03Nc5K9AAAAAAAAAAAAAAAAAAAAAAAAAAABiY6ZGd1NY0LJiLNpx6cWXLIFvnBULJ4BFld3fOWvQAAAAAAAAAAAAAAAAAAAAAAAAAAAVc6xc9Mcs6xdSpnUkVa7SxVcvxxVcnJYjriJ1u2a+8AAAAAAAAAAAAAAAAAAAAAAAAAAAAcR85jr0ZesypdzYJY64SzXJHLeT0HhDVFLks8v0PTn3QAAAAAAAAAAAAAAAAAAAAAAAAAAAHz/PpTz0zenOzJ7LJE5xqYdlo2c2ayJeov6nyGTN8t2Zdnpz0dQAAAAAAAAAAAAAAAAAAAAAAAAAAADHxqhnpUrlnuJVhMdnyze46wfRn62OSOalSh59Qake7r7lGz6jWLFAAAAAAAAAAAAAAAAAAAAAAAAAAAChL87jfsvqenFaUUsWplp4uF7OVWX6aX3N7riLOLS6ZqV0a9ztagAAAAAAAAAAAAAAAAAAAAAAAAAAArx8vncZxFSyZbkstnUsqWaoJSI1ka7TQSkIsnus/TanoAAAAAAAAAAAAAAAAAAAAAAAAAABHHx+dwkRn3N6W0vBZPDwt2WpflKlx2ua476YyzpqHFmzqegAAAAAAAAAAAAAAAAAAAAAAAAAAHh85jWMvKULNeW2tNJCVYTtNar1nxE19Tc2Jc3Nkszq2U2dQegAAAAAAAAAAAAAAAAAAAAAAAAAAFSX5PGqlZ2s7WdV07LpWW6Slyzg+drYTQlhltXNWXqzc1B6eHoAAAAAAAAAAAAAAAAAAAAAAAAABzHyOd5CVLNGW2TnpyvRILM2opek0yaLB4X9S/YB6AAAAAAAAAAAAAAAAAAAAAAAAAADw+OxrDqIsls1oySxXESVJF4nqQyYnJyufSbzIAegAAAAAAAAAAAAAAAAAAAAAAAAAAjj5DO8hK9nhvyxrGnVTRKWy5qRx2Z8vqyJq6zeoengPQAAAAAAAAAAAAAAAAAAAAAAAAACtHyed1SFOq8gvtlctEsWiWoSKLpeqrH0e89np4D0AAAAAAAAAAAAAAAAAAAAAAAAAA8MrN+bzqrXNliLS3UoLVTioDo5LMapIRFmvotZ9PQeHoAAAAAAAAAAAAAAAAAAAAAAAAAB4fN41hrVCeVcjWOiIplVSSF1ejgjNizd1n0HoAAAAAAAAAAAAAAAAAAAAAAAAAABBHyGd5yAsaWFukcTkZ6dklW0pEUulUlm7rPZ4egAAAAAAAAAAAAAAAAAAAAAAAAAA8MnN+TlrVNFheDgtxKs5MklnEtuyhLwt1OLJa2tZkAAAAAAAAAAAAAAAAAAAAAAAAAAAB4YeNfNrRsmLstyK5XqaNWXuy3Z2CCWNaqRVcTd1mWgAAAAAAAAAAAAAAAAAAAAAAAAAAB4fOY1UXGshJDUltxnLEm8XbJLPZasuStctJbskNfWbFegAAAAAAAAAAAAAAAAAAAAAAAAAAHEfH51alybM6yZZDoSjVi2THZVlz6GwkFSJpazdr0AAAAAAAAAAAAAAAAAAAAAAAAAAAqR8fnV5YjMs4jivCIkjRmr8t9PSazs8sqHpATVvaz0AAAAAAAAAAAAAAAAAAAAAAAAAAAZub8pNTkxQskisXVli3LaOzqz0WVJc+rBeSsF0LnU1PQAAAAAAAAAAAAAAAAAAAAAAAAAAZGb8xNTl0oJ6RmgujE9epUzqtLUso6npom0lQqLYKUv0G8XrPQAAAAAAAAAAAAAAAAAAAAAAAAAeHzuNYR2u7FKs6zuJy/L0cWQy+51bshLdlrWeSlNVS0messfTbxJXoAAAAAAAAAAAAAAAAAAAAAAAABXj5zO8o4TVW7GfVSzg4OC1m7Ut+zo6s8s5KctVYy0lVaEfUazo6noAAAAAAAAAAAAAAAAAAAAAAAAPDHzrLlySIlTeLq8FQpRYNMt2dnh5ZyQS1TNXwupWXJN9Pot57AAAAAAAAAAAAAAAAAAAAAAAABDHzmN8VknhMSpulk8IpR0sqdHtnBEsacmUtdL5CuIap9ZrFmvQAAAAAAAAAAAAAAAAAAAAAAADKzcTOuqzDo9PS+aMSWdy8np0d2dnhycmeZRytolPny2fX3OjqegAAAAAAAAAAAAAAAAAAAAAAAGNnWTmwVTPCYmJSVLktgkIl8Jkms4PD2s+KZAsp3Hzepcl+os29Z6AAAAAAAAAAAAAAAAAAAAAAAB4YeNZMtCoj1Jltkp0aKSr1Hh6S2eio08K0uSU6uyymFZ0fSH0es9AAAAAAAAAAAAAAAAAAAAAAAA8Pmcaz5atU0sKLpKaKdlkSjuuk4OCM6qjGRUZZl7KiVa+uNvWegAAAAAAAAAAAAAAAAAAAAAAAeHzuNY61kr1Zl9JDTOC4nctyzxfT1PCAmqmZBEXYo1zEFSy/U2a+s+gAAAAAAAAAAAAAAAAAAAAAAA8PncawipSOF6ssy7BaTtYpZUkJ69OU4ObM1eItkCxnBmJZX6BNneegAAAAAAAAAAAAAAAAAAAAAAAcnzWNY5ySLYl8S0WyAt11EZIWLIV9SBZCwgplJeCMxbNWXWN7WJKAAAAAAAAAAAAAAAAAAAAAAAHEfHzVSBMbJ1LGRLMni04kJa6TPXRJktWS1UjIqCK68lKzUl2U0tS5Z6AAAAAAAAAAAAAAAAAAAAAAAQx8HNQnpaNIsxxNRxIS1VzZbIjk6L2pUSOrMUiGqJEIlXSNVLdmhqegAAAAAAAAAAAAAAAAAAAAAAFePi87oWDaloWeFmWaW8dx0cnFVYp1RshSzLp1bLKfOVETS9GmaKSWaup6AAAAAAAAAAAAAAAAAAAAAAAVZfjs6zbJD6bNhMaqCer9PEkvBasiXLKSTV5Ha7JoXNQorVISY000K4TV1PQAAAAAAAAAAAAAAAAAAAAAACvHxU1WOz6GWSM5c1KlbUtg8izZEuZEdmrUsuWaaXrKK8HhSPU3q7K0bW89gAAAAAAAAAAAAAAAAAAAAAAFSX5vN4XMT6FZ45M9cWy/Ey9xNUpVhZsWYMsJok9Y9npalFmzUSKWtLqbzesAAAAAAAAAAAAAAAAAAAAAAHhl5uPLWWun0MvpBLWM6yOvYtHK6SRkFiX5/UH1ktMq2QnhpGkWkpy9KTd3n0AAAAAAAAAAAAAAAAAAAAAA4j5/OojFs6PqJfSMGIuckZMTS3hZMYJWrosls7JI5rYPYEK9Hqbmsy0AAAAAAAAAAAAAAAAAAAAAByfK41ZKRnWW18SutksGEeROtqJynZMZ1bebn1fickqEls6OI9JCrLYrY1m7YAAAAAAAAAAAAAAAAAAAAAB4fJ41ZWoeJSrPSNZE11pFaJSQtrlJqmnLLNY9zLXR2dFuyKKBbWoaR4aVzo6noAAAAAAAAAAAAAAAAAAAAAPD5jGqxFXJalkiwtazNsijleEkW5HdaKVZeZZrMHU6stGtmzVFFVeS2RnhsXOjqegAAAAAAAAAAAAAAAAAAAAA8MHGs5bx6SxfEvms5dYkskcVESGsdRjrFZuSyJDVazqWwka9nJmHhpGjZs6z0AAAAAAAAAAAAAAAAAAAAAAZWbgTVwoWXs3YJZermLU+Sl5WqeEx9SlqWjjedvMqWTuq6UCcFVeEjWc1jqze1noAAAAAAAAAAAAAAAAAAAAAAqS/N51IC5Lbjk6s91PkJeyM5NA24wJbq2LnH1OzYjKWJJliOiQ9NAjLNm3rPYAAAAAAAAAAAAAAAAAAAAAByfNY31EJ6V1gPoyK5+WXs4Btpqy/My3SzXaV7OloEsFmIS1ZKTWV5Z7NrWewAAAAAAAAAAAAAAAAAAAAADwzc3Lmsay3GhNexrWZdfOR4TCvoY5lx6qXN00FtEBmyzF8mSFfbO0jLNSppanoAAAAB4egAAAAAAAAAAAAAAAA4jIzrIltlatfN9qsmAsBwl+vo4pZ1HZDZxUhZMqWM0407JaijyoCSyweppagAA5IYqL3HtV4qlytGzs9AAAAAAAAAAAAAAAPChm/N51sEktYsEVmBLHVc2EtlOXbITipEzlry3IvWSFjU4iMV1ZFFqyzYOSqtWLJXMdcw1jeTw+fWmXou1es0bJQAAAAAAAAAAAAAAQx87jcp1L4aVmWYksZ1X0qZM1bj2yayVYSlF0nOjsks6rg6sjiqWKrGeaxGmAumaiZy/Ppyv05dTAXGLJMVjTj6jWbdAAAAAAAAAAAAAAQS/PZ1FL7Ey61zjrkxDW2dxQllol2rqZ52t47Ts8B1ZweVBHhPZnmEuuSp86Xl+gSnXzRTl+jNRPn1zSYnICyfTWbdgAAAAAAAAAAAAAFHNxc6hlhLcuxZjWYy+n0Wb85ZHZcXUjSpZ85Lqminp1UcentVynL3m6Gs+amIZ5qFIqGyRpjGdUsv0gswiKLSzkheT6SyzQAAAAAAAAAAAAAglzeXSLOs45styz6zg6zEfQzTGqZENZs6molMzltRcJa6TlYyNKudWM68sv2T7xgV5EtZxXN4sJgLi2Xz6A5PE1yckqQHoAAAAAAAAAAAAAPDM57r43Xzatc7zpY1JrPyes7K6mbDnVcs5sOpe1mvvOLGTW3m6RYs6qrEJDNTxZzrG6Y8s+oilqVzxMmqkaSzJ7XpoF5LFdnp6D0AAAAAAAAAAAAAAEUZONx51IcGLvH0ON5e8/I3P2udaMscsBblr2WbMbWfn66l2pbaU6q2Vkrrp5sdm/L8zqQn1ialnteHJwdEh2dHp6D0AAAAAAAAAAAAAAAAHJg5sJYJlzbODes9MmWqaktWLpVq6kmpYOj09B6AAegHp6AAAAAAAAAAAAAAAAAAAAAAAAAAAAAAAAAAAAAAAAAAAAAAAAAAAAAAAAAAAAAAAAAAAAAAAAAAAAAAAAAAAAAAAAAAf/EAC8QAAICAgIBBAIBBAEEAwAAAAECAAMREgQhEyIxMlAQFCMFM0FCQCAkMDRgcID/2gAIAQEAAQUC/wDy7vmz/wCF33aSj3+55XI9a3spp5Af/wA/IvFFdWzzjj0fc3ufJXqVyQaOSD/5XcVrbY3K5GAFo/t/cH2vHdcXuYCmrk6n/wATutY5fLPIeqsUg4lXw+5tX1p6WD5gZROpTeUIIIhOPxkQ2IJ+zVnypH5agX2tdKEFYVslt4nx+5sXF1gw/nlReesyw2IK+Vq9nNwjcp3b9l9GuYht1hE7h6I+LfFegBE+H3PKT+a+vIq1SfspkX5llsVRjJAHcwIx9S2Lo47RirP6zjxwICq5BEr+H3N6bIw6trO1NCrBdUA7bxdFUjLVrKsMeSorsrw0+D2LiDp7+xTYHXbDkAjjW4P3LDK8ewsWeM1aFeagH8ZhHeu0w8qeyctdquK+QTkMuQgzAC0ppFEt/qFO9dqWqPkpyv3KrGrw16HWmhGRUNTMsQ4lt9VQPPaL/VCZxjTZORVqiHatPelQqc61rmXh1wVvxbd8NRb91yUKW5lxxK2yNmBXuWkgJQ/JazFLWcapx6+JZxuVXfWq6nOGZitLULZx+NTas5vvYq+Puo0v5K/uOWM0jLRkLxhgADVX2KKs0/Xazh+WHFaWo9zUh67fKNR2FIxWo3NJmlNBtsZoPUnBtyPuLv7bN45WxlrYN92RSSsawgjknCvXP+3eeRALKxLK2EXkYAtld+1tmcdzQtEXr+nj+b7h/haPUpwHhPrR8Q2bgYmRj2m2sps2j0l67uLyapRaRVxOEbreQoREInoR+lFKjz/c8yohp8i2nkoPoIBH8ayt/I7IVnhuJVLAKX6OCvNq0v4QSqi3LKBgsratY23FJJ+55AzVYME+x+VfSF9mWhTFwkbyM2rGKtQfBCsZzLl34luyErDkRfa6sMOGpVvuSMjlgo2eyfWGDLTTmPWmFK1S1t5oMeQmG0JHstvn6Zafq2UBbTpTgseQiM7LOMPT9yZzjlycAQdCt9jgVq3vXhRl7GYtBRlkrUgLh2EZfWihY+jrx6/Ui6j7lvjcIyHOMQZsNenGj5YhdmZvI1Qy2Mn/AFTGv+WbEZ1Db7AIFlC5H3Vz61t8n7JG0C+Ef6eqWO1ab4Su3CrdPNiDlARuXhvNZZK6p0oVvJcowPuuY3pcwv0h1iWbFVVoK1MsryXp9JqwdZ3MZldXa4SeQGG4zikeT7vnHNr+8s6lcqfDVNlT3LPiflgzWBDlUaEMI3sgZjxwu/3VrapbZkse17hWYlYinCM5h7jfLQmKu0yqCsq63XBCm1x00FSrsvt9zzifE469oh67x4szDBkzBAomoEVSJXXqfGMPxlB8DMRpWDasQxT19zzWzHHWvYOpA3AQRzo68gAJZvE9vH6iPQgyDNlhfWPclgWtImInt9zydTaUGtqYMVzK7Njqpj0oIh1apt5/ufc9Sw5lnY3OtNO8KhYPjT8PuGOA9pa5VOOQvfc9lrsNY/ZbbzBhUROM40ptzC88nTHMtqcyvjsSi6AjZ3fUcdtl+45BxUSdkJIt7njmuJjoqfHocBSzqjMeOhWaZnjgqAmgnxj2iJgBm2lD6EHP3HM/tGVmMk7LYGF9xXsBxsleOAfGAoAm2G378gw/IGLOUTKVLxziNjDYNfGv6+35rRvevCwoXDYriDyF6/G9fYQidTohzibyy0gedyQra0cfMVQod12ckRMGrtXotBH23KO1jRPevJHJr6rbxi18rTkIjieXpbwrXWSoFh4QZ+qBErxAMRpoM2nErA05AIPHf1I2R9pa+qNklujtg0XZmu8sozHrM3Kw29iwsa6msNfG6FYExB+DLW1gsELBmXKzle1Zw3Hbr7TkPu9noqaGV5LUuDMRqhhuKGDcaJxFC1oF/wCnMf2c+kouRhDUQTzAMb4PFtg9vsrX0QN6uQYYozCNRQxWK/QIh9yJnEU5gn+M9Ew5g7NnszLnyKxDADlDNbTj29Uvsv2XMY6t09+DG9/YTvcPqczyCDuEdrjIb1Cf4jQCXmODFRYgBPIH8ZWUnvitlfsuYfUf7hb0HqA5K+kpkll1iXQL6R+MYbH59vww9PvLVWBdQuTD2hyrKe+Gx+z5TZvfprem+U2MrwZ8IG8kVPUOxNuz8jBD7e421haOIx9TnuqwLEObeSul1ZnCyX+yv/8AdubDP7ZxAuZnQ0naYIsGGCjH4ZfwB0eo0DdNloFxHsxLDsUHbSkic3t6szhA/Z3D/vLvdTkN71mOMxcJAAy6PVFbotiA5h9x1PeH21OddZa+sZtytbA+LcNxmUgFTy/lxkzOL0fsrs/t3H19zXM1KzymY2ahTqV2AWYw4Pedvxj8B8RnzPW0HG7Cx8KezNATygDbxVKylvUPsT7cj++4LMK/UBBVmfqDKcfBx6dSSGjn8L0cgQWiH1RkJgrzBWIRiMY0zmbqJYdreKOlypTsfYH25lv8ytmEykdqMArMmFvVAMR39W5m8d+qjlwDrmIOsx2GGsxGZpvCYRl+PkN/jjnK/YWfG/5K0Y5lA1i2kE2DEHy/yO49fZWEdt8aEwQyiW8+qt6/6mkbkqQeRsWqjTOIcxBE7IHXH9vsLj6LRsznEQgwJmss6xLgq/sd12gzEBjfIdw+9pwDcY7HKgmV17svEQyriayxVxcurIm0xgInapP9aPl9hf8AB/kyjKD1J8Xq2llREKkSpmR1bZF+TmD2M5D+sE58ew8JAq+dewIluJYqsuukf2WVZjfGk+v7C74XKRZ4S0rq1esAxu4ymOg16yh9KmMYp9JMsWV1FjXRqWAEtwhqvyC4EsbaDOMRxhaBmVjAf2qOGHt9fcer1za3szeqtiULpjAxZWpFtWjIf4Q/RiNMZjJmUr6ycC+/ulw7BPGS/VjPWU5Jn7BJsOycZMqOpY4EbpOO5dPr7n9d/TswwFDuFyviAjoY9bYf4o3o2xA3p3wwaW9CgF35duISSV9LVWqUusxNvJGQrB3Fp2VF8czmP6mZda+Kx3+uPszDycjGpaU92qywkQn1EDHJ6gOI5it1A2I7BgjaV3MXZlMEXyKFoLR6ysU5C1evrAaEnCkk+aD0sjbL9aZf/wCxrlHpzGR1K3NG5WIOSfIOXLcWVkamVjte3b4B8s7dBC9hoCzUAqAQMgQhYi4je4YQHBZ4PUWyF42Gr+u5fVtR2Rmwx1aORgjEwQViH0XiCba11tgnusH1rQ7LVxkrlqbBkNZDxblnkUnBaKCJavWZnKkklACD7cY+j67mr6+OdXsHqAMWoWwcFZ+kmLOIBO6yezpGHVfRT4U0ru3IUF+cuKbywsTYMlgOjEV1logAhIaA5j16xAQSEEe5SKmJlOA313LHqrwLHHeoYKg/H+SMzkU5muGHvYQD1FaUVbS7jbx+G2wotpNXalYUWe7GzBrMd9bBG6Bv3glPRoOXH13LHWP5b31VbGaV2PFPX4f2tY+TJEbJOCZWhLUr6WIA6zaMFGGEbP4s9MM30lmN3sIiP0ynNY3JwldHQH116bIwwz17V1V4mO9uvMuUtDy44Q/IGNF+VJ7fZUvtsc8YsBcmykOhRpU+VvfL42XGRZkHXMKemtekqCy31RYvt9aZyUwV/s7qsa9AWdnWuuxzTVoOWf44Zjodzip3Y2Fe2zNLBkWEZj1rB6EKlovUVcx0yOxKjmBMQ/Fa8FV/kX2+u5New78TI7Gugw6oKjvAPTygfF/nPY7CfKvWsciwhA5eKWpgu9VVuZoGlxCl2giJCsKdhdS0XOdMir5fXsMi1QsDjIsLT9e61qqhSnnUPyzmsiMIGnFGbSoQB/IbOP63420/WgpKHfCu2Wx6aU9FfxIjCHuMMhYfager/qyI11aw8xILy08hEs5Difutmrlh4HB+i5S+hV9VYGDcqT9kORQpPKX0v7RhOBWdubdonDJb8k4mRL27CZni9KjCL0I01mMgDMsbqj4+VJ5FhtURuYBP3xkWs4fMuXUeTU1cjMXtX9uR8g+CLmi81llfORorq3/PtGUwAQjOTxkMr4oRhkHmZyfwq5dNePW96O6CuYZSr5bAMt1UaZKJCO8dCD2PYE9iepZ3APS4ENurVsGW1dhbrW/HtyAol1QltesqbBosyGacq1ZuYjHH+oY5rvKmi3yr/wA204razB87iDlo03sBrbdeV/caf44idXcqsTFTkULNLKoh2grlzZeuATHePyPywMRczMubrOXpfqxwFsfZuKDn/W0qovsYyvO3HzHzrfPaDuE9d5HQ/p/a/wDN5Px9UyZ/G04+wYMonLYeRmlVRscLqvIYq6aMV8lUqtzFAlp0r9W1H5zD75gMezE3bat2n+G9uR3AjxFCrdaIq5NanWxr1FlrNGUmVA5pyBbcMWNtApgUiBLGA4trSv8Ap9jGmkVL/wAx7AsYli3QNrTx+Q12az/PJf8AmqrNxSsUqcmMuT4QZpofHmVjAufJDBnFmJtmAzMPtt0XzKmNqjGSArKesZSxvUlYhWWIRAWzS/TlsXgmMrZpiFsHjPea/wCmkMvEqAFFYgrVfoGOWz17nkJ4qadBXoDB0OacvwhpxysYbLXXlgk0/lAnIfx1+fZVsbdPWi/jPdlgSFwQjenjMrqR35yTwuSRXWczl0BooVQ2rS3IivgpaMeczcvBxEeV8OhYqBYDMzP0NnSBgRU4M1Hk5CeSiirz8Pory7/Gthex6NVoyMN0lBBqEqO0xOc5I0tiU2LKFIG8fk4n7Lk222uAbgKrhpw7/G++V81oZCVPHuzWqZXwVz9eqHi0mfp0T9WmeGueNJqJj6U9huJcpr43LRmp5GNLSE4nJqtq43OVk4/R4yy7iXAmrn5VLs1031nSyU131uyWsqcfE8QnjE0E0E1E1E1E1E1E1ExMCYEx/wDW3//EACIRAAIBBAICAwEAAAAAAAAAAAERABBAUGAgMAJwEiExgP/aAAgBAwEBPwH+qQIc0KEWJzpGnEaSIeC6VnxDyUUWieJh0zxjhsfIZsxaa+4wIz8oRmgeacMH3PwriQ4PEieWcFHxE+Lp+nj+T5R1OguPrOj+J+vuE/fE5odrhg4HNCzOmn+IRYnOCxPogaaNNGsrTnnxakZgepFR9ZyouD6BF0cmLo5MXR006adNPps6adNORF4d+F6dNPps6adNOPFgu448d49MjQBpwvD0qKqwg5C2PBRdaiwA5DRxV1GJN8Oo96iiyIEXWouwcDkBUwUNByPWKGCHJOGjj5Oh6nHHHHHkHHHHxccccccfsX//xAAmEQACAQMEAQQDAQAAAAAAAAABEQAQUGACIDBAcAMSITETIjKA/9oACAECAQE/Af8AVJMF6NAeiL6D0BfgcOfC8F+o8GOGmffSBvYjxRRbgfmatREBdAb0d51Kaf2jIMHyHtZ0lzXrGqenfDtVNYg9RQT+Qtp0ufiEAVReTwe0T28Ywc7hej0xej0xho8qHDT0RfD0R4IOGnxM8KexX89UXg9YeDnRcYup8MntC5ntC5ntDDRhow0eGxhow0XE9wZ8e6MNHhsYaM8PQd9POb8cbOAHKhwuOjsp7gq44+R2A7jg5ooqm0jvHiHO447iTCdoq6uPkNRBcDUQ0FDuHGaAQiC3mqgooqqiioBxKKKK5KKKKi2KKKKKLyL/AP/EADkQAAIBAwEGBQMCBQEJAAAAAAABEQIQITESIEFQUWEiMnGBkQMwoROxIzNAUsHRQkNgYnBygILh/9oACAEBAAY/Av8AxdhcP+DNmnzPnewnpaH9/aevAf1Ktaud1OdWZZKNl/n7rqqI4Ky534n7GnzbZr04P7c1M/T+mRrU9TLFzpmSMs8vwzjHc2atDG7qedHmR4csc8B/VevC2MC51V62xJlR6nhqXweJY7Ch4FUkT8IwyNol5RKEIrMGhwFzqepJnU8snlSM+UmnQ7CJ662yiUQKlFUo00VvK2LnXpbCNr6rVHqRQ6f3IhP0Rj4H0GYeDtwM5GuBJRaHqdTB+nVzpoq21GzhmCaqZfV5Mk59TX3JpweFEVo7ozqQ+Nnaqv6jgilYJpFUhPnX1E/7nJ4XZN57mHNHEin4ZnBqeGlepH1KDapJV2+46v8AdUuPUW1TVT6mHNLIeDZ51+otKtTU0MGOJB1HXVoilU0r3Iil96SaX4Zgic9BkH1EnwNlaNH8Ry+5TQvMU01ZqgmcCfOXaGQuB44IoWDJVTV5KnKqFLPQihbXFia4Hd3iYXTofzV8H6kuv6nVnYj8mzPOWYJbPMhKRQ7RGD+W16GaXV6mzTSqUYRtIgkSJk6nD5MUlUvnLGQZtomaaEoncaTyS6cdRbfFlVdVfhT0RPAjakVNSISJ51PB7nYlQeOuex4KNlehjUTx8jmumn0Ep2u5nQ/h6MSn1MZP5aRomf8A3nbtjFpZiky8nhyzxLHQW1UkuiMUtyNYp6GsiWosp2xm2IkiOdwZMEGcdjB36CfTgbX1H/6kUKDxOWY8NJ1JpZ4hwzZrJ68SZ529yKZ/1Mxtftbbq0RlxtfhHoSyLRbU2Wk3wIyutLI52/W3+RL8HWsl2VCxSipk7mbYpZNRtNc7ZlkIhErz/sLqySP9qrUb9jHRsU2gxaasmCOHPIt6jqIfGy6DcaiH/wBq3M2w8nRk1c91sl0tI2QR2I7b3BGZ543n2Msknc2SUKolExi3iR4WmQdrTzvGN3XBga9jQ9yn1Ox2ttUvZM5OhjnkWyzF8WeNbL53Mk06ENKolLnjRk6GDsbKUjT1JRT0Yosu9sanRkTkl62k15zIzW0HcinXqdkYFPrb2PRnc4rvbxEWjnTPCr4uzCEuBVGJGmMm+hiH7knQXfncEu2dWRuaWZB6E0swS3JBmDBFT5xs2luzvjgSTuaaW8ryZRoRH43IdWeb+l4tL3GOdCqm2hpuZZpZM15u79ibbIhQI0FtcDG9qYqMi5vsLhuZI3o3sGhhHC65q2T/AHEXwS9Ed9yN/aXvfAtDUwLmmyj0tg8NsozxJstyN7OSUjSOb00xLJI4mTBPEklsiN17uDJlx3vHGLI4czVM2kyYhWkzaPsZtKt4fgirFmnzXTcVvFaLL7WCZi2ebT2HbFsEE2pI7i+10MfUwYYiSHzP2HeREmTNWLT77uTNoJUmTynQlwYfNZJJtpabJTaNyN7DRLk1/BoPmvpfhbNoIVp+zqZcW0MO0PmbzA9yFl/saz9mSHUjZVMniXE2qaiGS/xeSeaMbvj8kaDx6D3PS821zZqowo9yW5IM4tHNmrQIkk1ELuj0PW8cFaYJI4shq0MyotIjM80ZJLa+SVmz9brexk0i36iFVw42waX7c21QpVtR22kLdyaWhEVmCCeFluZJ5jBgyIiLYNSHwII3MsngjZm20ZPD8WlWibdCHqaEcwaO9lN0O+CLUkuzl2gidTMo194PEibRUQs9DKIZK5j1NCOHREaWUkE9UReD0McCNWLGhJi3+plQaErJ/azZq46Mir5P+b9zaXwStBPmODMGFb1tF5EPtboiSDWb6ka2k7GSFp+xL1IWeYM2R6on8s62WDCIukL0GbVR/kwamErZ1OltD9zrSxdUSRMMipZ5ijj7GTtuSZ3PU2nedTuZtxtraGN/T+CH7kakmVzLh8EbO7F4F2M2lEmDU0MLJLPcT7GyZ+THsdzPMlkl1KTW2pge9MkZRDvKs+w/UgV9lkkLQpzzLLOMnh+DN3uTZtL5JpNTqYg0HJFqXFtl3nmTXEw2Z0P8HhUK2R3gS4jgdNX4MYvkVKt7EjRBFtlkcydsUkmskbqJsq0yUehNJ4sDdlN5vFm/sZqPCYthGTPJM3hG1u7Rsj4XnhbS63e+5qa20It5jXN8mlsWyZwYf9ezqZqhEf5JbsrxBCIfyTQbVLM62jr9mbTxvi0aGCCTXJhbmm7h/wBezFMsl0kNQTS5RO5tsgk4mKm0ZVsP7cvdyzFsGTGLYNTXkkHhWDxU6ERkirgYHFoI4I8h0PDXtUmbNr7WzwId4UnTcwjTBDk1toabnlPIZwQv63vfqjaWDZdnJg72iDymDQg9DFlu4HNtpe9oNl4J13tDNtLePKPKeVGFyCSSOhVV0RQ28ulGUehPc26iSRtu02cDqJMCvJhjqG07Vyow4P4lXpZVmp5t3Q8TNGYRpyNmCr1Nr+5FVHVFLmPqfRE7aOCikgcLQp72frbZSk/l1fBn6b+DRklWGLwsfgq+DyVfBFdLXsOh0uJwbVKbKlsOH2J/TbURBT1PEeVHkR/LR/LR5EeVHlNOTQPYzT6nlUeomqcp9TP0/wAlVdFGKuEniXh6SeNKTRG19Kmewv4WF3PF9MdH6T2eDk8jKk6G11IVMGd3Td0vp/03/8QALBABAAICAgEEAgICAwEAAwAAAQARITFBUWFQcYGREKGxwdHwQOHxMCBwgP/aAAgBAQABPyH/APl1qpj1tY/8GmZtfjzBd7160lnHKpflr5gFme//ALv8nBLy5bG7d+talCcTdPziAVL8kqLT+H/1aigl/d1eIA3/ANQases7JYu4gdnsuKlVPAgIjXYalRsQGyz/AOSkgEA2Vwd/joBXZ4gozVa9auEOWK21BMICPHUAzS4Cymq62fc3DOmWpWfgdmXEts2hmlkmC/2fiwtbrpMyfBO/tlAH8UFZOPWqLF9etzoPhEZFOmauVe+EwH9zUYFlL9yWctuZVOEYe6f1Lep5nNE3FKs8y7YY6JbD1nMXBURSyiy5hkmZaWUXmO+XHrSGHEJSlnR+0Gwfvmos6GJSE8uobMdq6lqKeHiICnLcdGsbiFHPZe/9uYSri4ZwGK3y8wu8ub6g7MCEFOgblgLebuUrPvZWkcV61mwzF+mILJb4IJ+mH9y03XmM0A4YY8a2uIHaa8wKQ/HZCHJzGAOmY4AsS7XbNvEelHOJZxnhZR63WI5rp+5VDTVxSq11HtDx615MKgxaVHmHTavaK8iuLNKXwYljYAnKK5eyCht7nEvyKbxCZnjzKhRPBK8wHUNab1fEDJAohXaNYiRg8sbkxzwzrB1LckfE82HrRFKk/wC5FRsGZCrRlRa1SOm40mTLS26vhjEMGppZuXsjyJjWjuo1huZBoJiq1D8eZ5BI27KAIYBhLreA/Erldg6YOH8etZRgVnzN3+ZGObdnZOnPOJbGHsmK13McHwlxo2YhIvaJblogDLgkn4GVCEYLiSzrsl5C3UoVwJuW7FrxHeZSYJo6ZPU0KeLep2jz6zp2TUy9DAzg5lCJ0YG9lc3UVsNzHJh5uX+H5D0xUdDsm20JyonoHj9Q9EtFQ3XBEC/zEIsuGdjfCKjRRgDWuGUitJ4YBrY4gEZXr1n9OVEwmRsxaCjcAhMAH6ZsiJ+4zY5CXLuOTbQlKfPcQD6UlpS78xHNjDModcQbo/UNjHVzUMnup0yxhV+U0NBAyFnrJsKvEd8HmAqd/qG3Bv6hbsSj08w+DD7B5xLhBRbwzFijHLP+9xMzub6lqV6GUiLoJdHTAgmtGZg9wjZllkoEQ7+ssdH4JVYvBKKcSizqBSwPInyNt4jZ9ZmJQS40jX2MUDBigN4ijgnCJ2Nu4ICzfUA9128y4K+DD366hLeA1UPkPmv+8AYfn1rj2JxjUVfoEs33meGwKG/mZCjpKWHSEx6P0fMBzJzndniFCR4XJhVcQmJRzXE+ASLwlXuYOZe2DlftM6+9uI18yHrNyS0ZstjmEimJymwhydCb0HtBy1ha4IWB/g4v3lQprq9EDty5uLo79TmNtvmNh+6iefGYhG/qArvfqH2s0GSduvv1pURVcPmYhlLvllsLXb1GEssQ/wC2H+Zg278y0v8A53qJhYdtQvAYMvl/0IxZgMw9SgYe6pRdcVK68MwZSorSBtEuQLrIgCCvWt2axDuTMDMWvBuKRGlxFIDJjHEBXwaOo39nUD/SPLOCbx7f6Q8M5gmm2YZDs8wUdIhVHqGPY7htkpAX62Vxr2m9gOkeIZ/0Zgi1rxhj7LxKOz5YJ8zwINmFD/UxFoKAADMwndiCarEzyFun1EG6dIJh63UbBCLyzR0/oQymQ15YFTnl1HRrHBKA6ZqX5kpg67ZQjX+KL+oOi5g7SwMA9ShAJzXuRNClhVY9boM68xWiHfbMA/8Aqb5McxMjevEtLHERavEBUVZ/aZkOU/xGzJM5XQuMBFCrYXBPd1BVMPNwJsh610YIK9F8zgrgthrM5EvzLuDEFzdsv9sXcxfDGAsy4BuzHxOkbQNs+0apk4Qlu8DKW2cQ33EYnJMg/WZStetHyfaWWVuNjUVxwvMFXc9LHIkDqQRpqvEA00xKWvKb7WDDErBxFv2mKVol0i5lDf3bhoMNcxgYdQk161cMceZzLuU4n8wBKV2x9uDuYlcGfEzg0fcPnMTBbb2gxxljY3OYrVbgxIHUdFYRouKgLp4n+ZYKAfzKVpv1l1Kgx8Tt0s6+UoS9Dll6hQbjj7N/mck6XCXoiANmYIY0VLKVkSIqYBkYYu2v0ZwHwTUo5QRSnaY3J5hqqWpdvWbPpLI74JkMIlqLlje3xAKecXcTKmEDWK/7itk3luIQsUphliml/eP1AO8UgrmTev7cynXsDZMgG+puKpgmT3icj7yqAZ8TjaTv1m251xCfaauBS8wUrRzEfOLx5qN/GCSg6lgwF/qBPqTUJap1ImddQN9GDdzDGofXjyhw69CxskgLwvbUqX6w2xb8R5q8x9nPW5qtqXgxtPke05Hf6hFZvUOvqV+CVQ9lAQPmS4m2/LxMDPbubT+5msHuUKH3EP0ZVvDxUBrLg36vSFLhtZlbL8alj/RBmCr+5UecsykADBjSYVFqlEeDEu3Ofn9yNmc9xKNi0mC6pUMD2g8uHMNHUOtK6bB/qwLRLfoall3gmGx7sYSFd1LkkbYNz4o3BsViCx4jiLrEtRxXxHTdniF7JstpluZBGMwxK1r6ZanL5h4vyJiQrE6kxwNIBt36qTZy6l1faD/xgdFHgzEwCvd/cQdIixxMP7SkTi1Y/wBC48ebZnmDhgGw4XNahXUEQOILyMIWrGPMlQKuSOgRGHOMap51L6rn1VvdFy4dsy4cwJvHjmfxgh+a9sC5qiV2LlQ1OGsFSsVncoPCFV+WtkYRksxM33EunByRot+0uVhiUDeprG6iNXUa+pvBsssbVzG4Yl5bKMQ2vSmWfCZLzm4QWwXQhtVNEH7iJWLsRhkE53EMmycsLwIT3EtbaTqIBl7koL43mUTbuIu18MTJKnv1MwozLDXGYC35gH9kLoj+ZRDgNHUrKW8IOhdahkmDKXWiHvIL8kipYqKEuCyEGYrZ9xGlDdwGA+JlWDqNpTiMln1ADcCi9epkgsP1Mc2JT5H3EP8AjErMJyOPiCwLe2J8lcRDVKgvuzCvMbxMDzCiuZlbmsS2C2ZTtKz5kYFC6Q823niBWnPZDdbyR0OZzGZ1IH1LAyoMtzSsVyU4KBH7jEAW113MGuohrgyx0WhxNBxFGWppFVupZ70Rhost1qUNm+IN7wTCG1zwgUAWDh7j4DmMU8RYGiHqLrdSiaWsrzLj+Jkc21LU7uCeF5maBBNv2IYHW5gKXzMDqFNO5/DHGZdGhisfMogL7kA3cZt6guvHUr/cQmdX4hIoHMGEoW/xD1IfJGLjmbSrZjQX5l7TxDHnL5fOLjb6MsYaNvtMRyl/cdA3jCls/AuV9zglqxiFG8cSmrruXvniWECvMRnv2zEZXmHPkI3PnEWoju2epOpVap1VzwX4lhzG0IDQ9oJNm4Gip76l8XdO4uOeblyXapUINfEDFy2+/wANbjDwOYlu3juMYbxBChn2mQv7hGxbPhLJLHJiYAxiUnWZkepDBX0Zir+koyMAffuAajBXRBK3lmFDd3M+N3KGr9oQaWytfjvzJlW1FT3nM6hgb1Nrn8Zv7UVZD7RDtbGplfJOiRMNxgtvMVL6jXaZAa8PwmgItT0Zgj+o14YJuX2CZB2bl02Z5ZaV+I+bIQzfj9MuOQsDg5slx1epyTJKVMY5QViXHmCHAnEGov1l7YXONy/gBLsKMwvXXqPwiPmdzxS1RccZ54nzk3/VTA5I3t6lMvMt+UWdaJiE2+LmF8QrWBhaIsWlXUVIq0sJhKws6lU2O9MzV7YiLYl/CXGi/MrozF0gKUvxCB/cyhiMNPqNHtS1WCtzFK14iln8pdfbX8TYhKIzB4nK5nCaw5lReEsfdhyqVUJK0e8VcUW2cwBOCZC7WyBeAga2mtOpYAfCM0u7hmT7luBFsa+IGiR0h9Rpe4x0I2moaA46lQg0TNXOiYR3+OCfmM7mCM+D+4tPhMfbBovcuReEmgSGsXzUa1h/mJ/UR4C/3uaXhJepnZMoaaziVyMnNSqBiG39GKxQe8pBWIeoIFc4Qldo3FHww2mU8OeI3QjLJB73UyrzH90hL8XBa95bCXjiIrUwGd8zMZuSX2IRVjd13KoytOoZdb6hP/OE5D4ji7qPlJZpL6SmxL6wAeGO/UFUFzEFbgcVMkFXqocax/E2FmW2e0cdR4GS5FlWHBOFaqZQhDOcA6mPRr2gZWvebxkltDMrb/4SFmsZpr4Qd2qe0s1lx3Shh2JuDTOIJWExTi4YX1C3BqNiBVDGZLOpRClcEPdMstsQDbU4l757Y/EmT7QG3UKD5mp747Za2romeWFOn4aKNrb1LKeN8S30v4R2DviZFqdabhAvIYdDXmIG7ROKR9MxIq66hrFPHp7B3KsxnqAB4QkVt9pU1t6rMeUP7lyaiMCB46/cBiOHUoXyjvmJlD3jlalwv+pbcf1KCBdEUG9sKZCPZxHQYcOyUAnOsx69vYuX4P1BwcwpU4Op5gln7pGlw9QXcdwIPRDJH07SNsGrlfM7gjGU46+5Megu+pi1li7jj9Q0zy5IhQLZ1DKjMKAAaqHCHo+RmCf6CUUm0KH8R5PmZ5muOpqiLa5nUBhw7HM1u04C4CdYvYZk6qcCV4ARxGUL5cpcg2ckQDfpzqLPt5jpmPQG5Quh/cuSVjdtz7J/EDetSzxZlhN4JhuIg4Klhcwl+mHqLN+Ze8pijXc2APqDVrrrcVq6hQbe8agQ9PEoSvZnOa/UWVeeUTzvbibiLJ2p8hUa2KTUM19np9tG4tl2S+77KhOh2QTbCC2YTgTvKvuVdCQWRpdRcTW5sOIy8rFGqjuUiqDkQ3b1Bw/KM+RUwy8QtsPLmbC6/MzFLAKpKLTkwHqAswWhno5ImV/6lEviaww7WMWI79PqvUshQu4ILkf4LmAxb4QAKDEqqQRmCcKTTL8fP3BfxlClh9i4dBcByOouV/ETbrcuLD3lcL/KCrQ8zKQF95wXh4iEGC63uI3duZlQ4pjG1w5j3JIe5NcGXytJe1YS3fZSaenYzLgzRcQUbjyZe/8A2lylC9wkFfMwS4QcvON8Sxjqb2VezuBMVnSbwTP9niNYx7anD7NwM6RL4XMeG3MYQ4vZ8TMOaxCu+L5mq0TX9WcMbzFYsJocvcuFWXwzT0+loMRsVZzUPQGiYf4JU2lOm6ikWp6mL97mS2LfiWK+Jh0ZZUjKU8f2Tc576mgMnF7l6pDsj8GPiHd/EdmYHjYtGgvuMnNh+o131K7GmfuYxARmo6GaCiCNHpwsiu6GO+WINyZ6Jam3DtjmmFwP7gmyQLXbKmDuIvlqLggoDStwzPDvcxGK3mm5fb3IynL3IpyAg+C+JWs2mUof5Il/DPikzC4xKNMFt8cR6XjsjZGeSKl646mn0/IEG0IwwNxVJ8l5nB11CakNPxGIs1MmaOWIibombfhCANp1LdoujCXlnLCxKPc0+HkYtwGYEaMzSD7zi9qUleYf8ED3JrXsxlnmWIdae4gemRgvXUPT8N+MFZmvub9xqKd6JyoNxzGUHTObuZpRiJSq2WUVXMLx8LAPinEJ9jrqYVTtZKJY3UuyxdRxW5dt2fiAx/Br64n6pQ3mtwVT3w9x1eIdz/8AOjmaUJe5TRKl7P4ao8E65C8PoVqQmR+sBaq8w5MXOcs8TAkwa4mWES6nKbiGTRzKjZYryeY8hTULLD6hPHL9Q3yyFZa5lClcQ8DUzA4hv3gqxmQU+0z2sNwgfqVAMPMqXZ4MH0YNdzVqXYKl6GoneXxHz5O4KhY1C8RgO0JCxxrr8e47KEymNzQ2yf8An06cD8Jg3wBMgV94zMdQeBLgJe254inY2wVze5Xg3hEPahfncfrC8xqhXCKwmjZikqfv8IViGicE3+fxa8yLc44mQG3E17YfcrRV4mRQ+K8Q1NohaTlLYkbsoa2ebhb8ystmC+JaQu9zJ+Eu07YTPEDMMrz/AM6+Q812zrv2jmJ7jbzFBERU8x7YL5MLBrq45Vvi4AmtZjscjUxHS6cxhdDC2vmHWGIBPMohAjA1OJpXEcNwbPEY4zUQUTEwQRZjoZ8yusY4JjD+C3SLgLfeINKeYlkyqopzECuLS1ajtEwMTyxkEov/ADkZo9A8DMwvwO5S0NuJjJCH/KIsX/U2Qt3g9GwVuYzqx11V3Ct9lBqAz5nSiKM+ZTW8twOb3LNQYwpMkgwN+ZQg5Fy7ZeYXlBOShS5VEZIxCmWNkK/BV0ueEQQvFt/ZgxiO2yJCpfwsTwwExMCTGtoQrSB/+bE1G2KyyNsA21ZqVqPCKyIOp7SrWrrmCbbmMHS4oHduzOkIOYuoWDhe5mTHrHGxOwJVU4hlHJEfwVx3bJnWzKB5HmVa2z6Bpdg4jaG+I9kKRCWgw6mZKhssyw4qaGmONqCzYlxICsZYAcMwIeKV6sCo+qa5JQcf85wS5ULIXuKOG3aUKbGVdCgru40XZ3Mq2DQRRVl/qK555qLkV1Uds3RmUcRbQY4h+Jdll1A6hqHV1+Y6EZ5IKIGgZTG9wG2o+6Jk3UuSZpm0GYaQLE4pOY2pxbwyoE1NL94cK2e8GAspgslGsfNR62+plCGDtJRqPbLdT49AVvxMxXCKZIDpx/RPIWEDgBTum4oVKTE1Wfaad+yHdKCNFNXiMToYjd0uUZkd0iFC45XhwahVwMNXCJ2HxKVYfqMaJnGItQa8SheCi00p1ylki8xVQdlUSlE6IrZLzmQX0IQrVtTEwJvxP/Cn/hzZfTP/AB4Br6oH/igGhA+Ep1KPRDYixg0hNXSpY1+hNGXEpN6HwmEyZpg0H2sLdeUbr6oT2GbRz7mq/wCYjIONkuBB1MErOzzH41ssTZh5WIMRYBwTwTxzw/jeGeCeCeCeNKTxTxJQ4P8A9bf/2gAMAwEAAgADAAAAEAAAAAAAAAAAAAAAAAAAAAAAAAAAAAAAAAAAAAAAAAAAAAAAAAAAAAAAAAAAAAAAAAAAAAAAAAAAAAAAAAAAAAAAAAAAAAAAAAAAAAAAAAAAAAAAAAAAAAAAAAAAAAAAAAAAAAAAAAAAAAAAAAAAAAAAAAAAAAAAAAAAAAAAAAAAAAABgAAAAAAAAAAAAAAAAAAAAAAAAAAABIAAAAAAABlAAAAAAAAAAAAAAAAAAAAAAAAAAAAOhAAAAAAAcoAAAAAAAAAAAAAAAAAAAAAAAAAAAJ9zAAAAAI+aAAAAAAAAAAAAAAAAAAAAAAAAAAAAInpAAAAB+gwAAAAAAAAAAAAAAAAAAAAAAAAAAAJ/0+oIH2Dy0AAAAAAAAAAAAAAAAAAAAAAAAAAAABQEpD2IAA44AAAAAAAAAAAAAAAAAAAAAAAAAAAAVgF72gsBLHAAAAAAAAAAAAAAAAAAAAAAAAAAAAF9DlGE4gp6AAAAAAAAAAAAAAAAAAAAAAAAAAAAB7be5xA97PWgAAAAAAAAAAAAAAAAAAAAAAAAAAABeTW4DzPDUmAAAAAAAAAAAAAAAAAAAAAAAAAAAAGRXIw4+GTNOAAAAAAAAAAAAAAAAAAAAAAAAAAABF3g+EPvd1DgAAAAAAAAAAAAAAAAAAAAAAAAAAALJ2tpd+wMXvAAAAAAAAAAAAAAAAAAAAAAAAAAAAwk3dlKQnydYAAAAAAAAAAAAAAAAAAAAAAAAAAAJ5+Q1EwGR9DIAAAAAAAAAAAAAAAAAAAAAAAAAAAA8Y/8UFrJfxBAAAAAAAAAAAAAAAAAAAAAAAAAAAh/+9IENgUZJAAAAAAAAAAAAAAAAAAAAAAAAAAAB7iXby+ZS1JIAAAAAAAAAAAAAAAAAAAAAAAAAABh/wDh3tB5w2QSAAAAAAAAAAAAAAAAAAAAAAAAAAAjcfaLsRKKQSAAAAAAAAAAAAAAAAAAAAAAAAAACVyuEcQz5GSAQAAAAAAAAAAAAAAAAAAAAAAAAAATDMf3sUiQSSAAAAAAAAAAAAAAAAAAAAAAAAAAABztOT9rDVCAQAAAAAAAAAAAAAAAAAAAAAAAAAACbhyRwI72YwAAAAAAAAAAAAAAAAAAAAAAAAAAAATbBdzq7bTj4AAAAAAAAAAAAAAAAAAAAAAAAAAAAOSCcc2pAc9wAAAAAAAAAAAAAAAAAAAAAAAAAAALv8SCPbGShWAAAAAAAAAAAAAAAAAAAAAAAAAAACu2OzcA2ok+AAAAAAAAAAAAAAAAAAAAAAAAAAAAICF8d7VHCchgAAAAAAAAAAAAAAAAAAAAAAAAAAByDvxC5KQJySQAAAAAAAAAAAAAAAAAAAAAAAAAAb5CdrF25UiEdQAAAAAAAAAAAAAAAAAAAAAAAAAcLziCR47WuBz+AAAAAAAAAAAAAAAAAAAAAAAAASTJ2SfklG4zeRgAAAAAAAAAAAAAAAAAAAAAAAAB4JJ232HWwmNzRwAAAAAAAAAAAAAAAAAAAAAAAAX0CKZ4nVtn/SKKAAAAAAAAAAAAAAAAAAAAAAAAAMBKA7oRIuHqOqQAAAAAAAAAAAAAAAAAAAAAAACLyNQQxNdS1u4EyAAAAAAAAAAAAAAAAAAAAAAAAB+cQQmtz/aOXD0QAAAAAAAAAAAAAAAAAAAAAAACM8qaK9if8SV3lCAAAAAAAAAAAAAAAAAAAAAAAABsvUByPgXk95ZpQAAAAAAAAAAAAAAAAAAAAAAACPvRtsPniifPRUxAAAAAAAAAAAAAAAAAAAAAAAAatu4jgsaxka9K2yAAAAAAAAAAAAAAAAAAAAAAAD02yjoZNsIZ0V6vwAAAAAAAAAAAAAAAAAAAAAAAFEAwQJOeJ+ZgpX2AAAAAAAAAAAAAAAAAAAAAAACLHetfPwMMR8bLggAAAAAAAAAAAAAAAAAAAAAAAGghjzTkJyR9CbgOAAAAAAAAAAAAAAAAAAAAAAAAMccyeKDYnsUbC/QAAAAAAAAAAAAAAAAAAAAAACF5q7IZx6s0ArUUjQAAAAAAAAAAAAAAAAAAAAAAY9tG0Pt8v4G52byXgAAAAAAAAAAAAAAAAAAAAACftowSOftnjsIXvuAAAAAAAAAAAAAAAAAAAAAAADhOfMR/j/x3LBsU3QAAAAAAAAAAAAAAAAAAAAACdhbgbwjgu+EueSDOAAAAAAAAAAAAAAAAAAAAAAR4b5WDAQGAPTcAbYQAAAAAAAAAAAAAAAAAAAAAAcC8pviYUofjvtfLUAAAAAAAAAAAAAAAAAAAAAACCYbUSSBoW37wEnKwAAAAAAAAAAAAAAAAAAAAAASb+CIAS3sd48IXVCAAAAAAAAAAAAAAAAAAAAAACcFg2f8Ams7gmgcLYcAAAAAEAAAAAAAAAAAAAAAAAX7mikYpb2gPcclHAAAmmmcEAAAAAAAAAAAAAAAEPqT7MZJYYm+jcnX/AB2Zg3J8IAAAAAAAAAAAAAAAeXq3xRi7v/8A8CdiSWRj6NKW/gAAAAAAAAAAAAAASEecCqePwFP1hp3D80FRrKCwAAAAAAAAAAAAAAf97OTLxiKfyoQawSrXs7C/ZNgAAAAAAAAAAAAATBTX8Y53oPCwNSWh1YNGjf8AAgAAAAAAAAAAAAAEoeizhA6c85Y3GUlkde8E8AEAAAAAAAAAAAAAAA5hPU9SqXZw8nCSCvAEkgkgAAAAAAAAAAAAAAAAA/siMpm+4WggkggAAAAAAAAAAAAAAAAAAAAAAAAAAAAAAAAAAAAAAAAAAAAAAAAAAAAAAAAAAAAAAAAAAAAAAAAAAAAAAAAAAAAAAAAAAAH/xAAjEQACAgIDAQADAAMAAAAAAAAAARARIDEhQVAwQFFgYXCA/9oACAEDAQE/EP8Al2uL/jLGP7SUrjtX3SsXCNvaSHFnK+qViVcDdse/aS4HFlnK+aViVS/a0xOxVY0UyhBKhIZS9vmpOFQ0nGigl8X7XEckNFMoQobxuOy4t9D37TUxUYi2hv8ARQihw4rCio0I2vaWzRIbpDRWDjoWoQyxiYh6H7V6OSpjiocWJof+BO4Y9nBChVjgo9rqFTQ0VLLMNWiicobtDXaiiubEJwcwzRQx+zsJ0OyLixsYZaKb2aFDExf9DZvmGJ37K3FjY2IcWGzhu4TEn+hp9lS/aKFDEXkmi2tHGDk1idinT2muWKLLmo5LFm5d+42wRfwsbFZcL3HWaLuUiihIbor9CNvbWsFLwui8Koftr6OFCGx+2t4V8KKi4fC905uLyqaK91p/GFkorGsX/BFgxliZxL9y8XhZ2PjCoft6Q5svDoQuRKLwftKHjYmXY0JQooocv2Vv40JDRZcLNw4av2dvhwWXyNlDRRX8EGKXKKHxHJobEoezY1XrpZXgxCGy0NlwocNWvWSyorBC6GGxysEIT1Uzs4KOEN5LFesSv5IooZ2dlSs2vTX41CY9DXA4uGLBQv4Yv2+kP40dCnUVkxGnprXzThyxYKWL1K0P4qXnWDF6laHNZdRWD+DEvULWNYUKHDUcReaHz61liKwrgooSHFD+C9Mh4rFPBjZbNy/YIqUNQmWXCHg4oouVN+m2yooXxqGMWL9MhzYoeL3LhYLJDXqqFeClxYxFly2XLhIQlP0EsbxsuHDOsLisk/RrKyy8EOW8KKzqH56iipsvJzRRWLz289ai4f0UMsssfrlrFJHA6zZQnRdjHksH6I8eh5sXIxTXvlil40JQgxl5LJ+enNCUtHeSOToYy/m/QWhRZsSGxZIN0XeNSoZcWPXoNHIkJiHvKhIbNFysFDwfo8sExoWKEUNFFTUMQvqqSioNeHvgqG8TFwJw5ShHY1CHKhRRTkqL+D8E2LEijgeKrLhzsQ2KGMXDHhZcMvN5vkar87aLFBmmCpHBRUNiwuX81gvIKOSimNMUpHA4Zyi7HLhx1DKhQcl+BY3f5tgkQkMqyhykJFDUdChsUVYlPcoUWM2+bLLLL8FBCZwQw4MQQmXyWcXJQsLEdDFltjQTi5ubL8VbExMXIa0J0chhsssTExhMaLEyyxssssXEVIt9CpBv0xbExuFmMv8A2J//xAAkEQACAgIDAQACAgMAAAAAAAAAARARICExQVAwQGBRYXBxgP/aAAgBAgEBPxD/AJdvf6ZQvbtbqOh/duh7Zw92jT+rdDfYlSOHsuFDRRp/NuhuzmF7TFgqCd42WixhuxsRv23oWDE2Ny7L+Che0mxOngxwsWhFDle0topJYn0xQyxQovCxz1P2nwMKzlyo7GtypasaEL2qEqdosbpjcISg2F/ZwMUIdOxnRR/s2We0pwJjlbFLSLchtlYlY404svVRJro7uEL2jQlRUkhr2jooRt/2KkjkcIUuzZyISlCG9nhDRQlsYikNnKEi4KFqKNH+i5XtHxDhDKmyyho0xN6EtaKofukqUOajWFIWhzr23AQoZUWcmsKhjXumd5tlVCLixsSsv+RnD2+8HKXw4ORe281ClQ4YkL221heNTc1C2/dKaxvKy/dcv0w8nF43hQv0I8EIoZuV7hYoocvgW8Lhe2+YU1Fz2MehuKlC9lysKKGhoTG4WWWKV7L+NjCY0VCjiFCdfoK2dlaEkWJl5Mb3C2OGKWWLc8iU9Q3ruHCHDlDGJFMSFgoTpi9VvJMuKhjkQoUvBjG9VvjZtiX1WvUbrJ4MsTsUdFy80/Tf5tbFVi5EUVCzfqOX07Kxr23KF8b3jz8FHL03yL5NQpWLlD9Q+RS8mzmFneCH6l8im8WdxdyhP4IfqHzLi8LHC5hRv4sQvReFTeF7LLGxOLFNewYsXNnJWCEihKV7B4qGiiix84qLE8H64ocpljH8LhQ/YMRcUOFj1Kh/JifrHRUWOGKKEMSsqpSKKwbGNa9BvGjYrwrBHeCRwXk16BzQ8KxYpSnRZednAn57i4ooorJTZZfuqhfB4NnYiiihQ/VPnBsbZsTh4osasqhCwea8/lg47FDxQ9CNpys6lekocoWLcMLkRX0XnpFjY5TOsmaOxCK9t6c0cDaEs2ErKmxlxYyxYLn0EjQ2NWNCybGxKjkoqhDhw4WC9F6nXQ/5Ex4sZYmWXNwuBj+q5LhZfh8cHYkPHkahS4Z0KGKWcC0WikLFv5X4LgJDZY2xYm6KcIqOISHzCQh7QpZRRUV907/O4Q0GLEzlPA7ZtCbLThIc9lSvm/LMNjotodCYyobNjaNMqhShijubHQsLT8OmJfm0DGNiLosQUOg2WJxW5ExIcWPC4YbuTfSiiivBYY1WzdoQUUMNUNMorZ1JqGsKGjsTZWxFH8EKis68XgNDWh2QlMaNBBIag0MINVBRQ0UUJFFDQ97HaKLVlCXoqhSGFqGpN+Z0FF/5C//EACwQAQACAgEDAwUBAQEAAgMAAAEAESExQVFhcYGRoVCxwdHw4fFAEDAgcID/2gAIAQEAAT8Q/wD5dbO1TXLz7fWlDbDQR8P/AISRGEOnlS3Sa57r9aKfOdlYITbSYP5g4X3P/vqwTFu39TIPci8HBND1UH1haFjWNBeX6is+upfW6glUeJ9Rl6ScdS88kESzI/8A2DVHfmFgtMGi0GDYB/O0K3Alga+shQN0xh1Q3TuEsLgBQRZHgK+zj4i9w7S+R0fEuNlDggAgjkTn/wCo6aXncDBNAvczAOOr7HiOqbdWo9IePg+H1l1LGhN19YbgyW+Dq/qCCQ1Kp3/UDCJZoVlpN5X7DUfEoq60P6oSOmk/+NEFwCWMBsQ7sBvTvcvGczuZWld+EZHIq9RFVGgGK3+JXCmOgaffHvAuNm8ZSKsDW2i9syr0Wt+31oUnNrE79ZlWr5HMFYoDRp+fvDjN5BYdaS69Jmm9sXYa/EYPKLd5dzrA5UDbhuj2hU2OLrtHF+iLsv7h/dbbAIRHllYDUudK73HQDF5PON+0WNlm7iv+sGuqFsLq/wCIq7Fh4bNdEl3ZG8Zw/uKb2VB/1mruUvIcHmHS4Z5nrLBdK5PrVGOobPGftKyN95So5tijwa95XGQ2gL8/7UV6ksOvxDXoMBHs1kjG0WEi76efHaKit7tXwlAUHKjpbrxojUrHolrH5E/mLaUNLh4db/CFqiYI1XU8k4Q9CZD+ZpSu8KHHrRCHskbUqdJKkzsPzLAReuqrz7/EWPRWbes2qzqAO9QAkAUBx9axEVvJxzHt2GR47ReEZAXcEntgrOlK+QuNWywj/CIVdyjBYXJVi6l5ILtbGN0NkUyVsS5oGw5cajhkK4Dw+Hn0gU4o6nj01fiINRLRp3AjrEAdH7igNiKpa3+o0CwWCscX8Q7+box/ZqAg6xDJTr63Gn9nAHV77mDEyxVyy1V3OnT604bS4elkJ1dJu9L9YkMVoYOOtA29v8lECWBoHpR6VN1Igth5eGAiy9WLoyH6iF1FwNH8GBlpUUssCcjHt052V5Xn1nFEt6doHRyBsP8AsSYPv0NQ500Xxq6+ITgsLrnjP2jYpyHgS1O16x/fmcf5SQKZKPL7Q5wbBNJni6H61cCCLznA9Km0TQOkurUBOXMJ9Ark704YwZVLo7nQ7d4i2wlPqgAwBdG3zq/mMxELDdwd1RxRfaOVrpfdUobe1v5rrMhlZrYXcWnha1256zbEG+rEtneS3ps+8aggpVrpYTA9aqOmC2PKtu0wocjdfiavL2vf1qooCoFjA+2JR0K1Qb4j1FDbZIbvisNK/cDG6HJ9mAw7dbTPgIjX7srdetxnKF3PQ8R5WrtsDLCUOlrYx6uWX2Gn0fiIEr6gYiCgJL94sEtwNpmLUGJ2NQUgCvpixg7qFJQlFLx2h4tA2EyqBCUYU6uhYuNTWKp1+s47YrzqmO3wC7zZ0gcoUtYY5PBgxT6kruBtFR6EpYNbW7lJEpr5iYi0IyN9CVUC4axNpCSwCDviMHCvC1AC+oPS4wApR5zmHAhvHRMRXDdsMWWRjvLEZwEs5o6MoT7yWfvFawFv4HE26guBfMseQ2FlJ5m8NAbOv1k3krPJuWoQu+rGHVlLx2xKbBANXUs3ADhIubRjg85MwXYDd4HviXwmGzNf3aBukYZJ5rXxMqhzlpXa6jrpgAHbJHltNq2jogBFzj01CBGFNohUrLyYVd75Kx36wFHdY/5Erg2dWoL0w7gdC2EUBvXLfQGYDnQ4HPT6yhFisMsouy0qiIDvSmhe8VLQLW6B+Yw0NasvEvmroLrpuKiy20QAAsZAUfzLwBQozjxRuLKtuBBPG4ukVJSqnnMIoIpj1uumAsUAMloSSM5Qd5sCSriOQACfHio0g8oX4uGUDaAte0zpwI1V32jfsFlkLPDVVmGvrAsqX4i3k3LqlEukipRVqrrEKxKZrd/P5l+8ED4jQLJgxeYbWLm2r25hUEbXe0fXtLaAV5v/ACKg2ugp+pSlFw2HfziDdl3A8WpggwWCINkdTng4FfHaHuvNu+UVxnLbImvdmBvy1CiAdSPXJAqfIBH0xDOXBnp/vMLr6yYWmwspdjvVx2QYYD5hIE7EenoW117RYjfNqrsXj+zKrn2Q0d3RFQFtK33/AOQlB8oow6nBKBXzUV5/XvMwkoRe6nf9xChUayu+/aHz6m1bxz/sWqw4ehP4hCbPIBcfeFr2KQ1iG4lK2J4HfvAo0NUix9ojOmBPRbconYyij95pz9Z1TkrJcZJe7eKhyCtu/Yi3QOIApdrud+kA2zdV7x1QBw5e3V7zRCYWV7v96MUZHRbC+IYguU0fduj/ADrAxtpaOgHtjvCzdbOydIpmipaxVBfmKM63c2/9QoPVYPb1l4AaZOTv/dYWQmacsenSNB0X+46f1xUa0pZ6mfTEsqY1BDH1mxc46R9ZWh4EtQo6wYHgiuDUt9CNMGCnK7/qOV4KDj94TaU8swDixVzxD8zwIEXoPS30JhyCp0CyvBBQcgH+7SsSioKvX4l/wVl6QE2TyIbG0KfHRhNFrkx/yDlEsqHsv5nTyYw/r5lGKcGvrXrxmP5aSKVNkB1i/NZOI7HWaFwLK93qsNyGtg36HfvDbuS+j0fmVPQZeh1ia18eDPk5hMYVNcH9CpolKquLf8+Idhaax4qK1KrbLryj7IcjIpZYKHTcEhNMfnO+IiJa2YqntKBCKE6SsVNePrLQiSilsstqeK36cRiGtnV5ZhEg7NrrKym0SbOfL8HmUuW3rfJavn9zFxa8HYghFCz4v7v1lnltCu+WvavWVuq0+uP2+YTBDC+8ygkvwRlQaKfeWlRBU/u8KCywLjEXUTvmWi0N9EK1plUXCIoDUH/419YAC45R4lwETi8ShWNqv4zBrt1Z3aPHL4lXLmVgPV7xo1GOtWomYyLsN+8smcRriLxSr60H2mowqr1/uAatys+IBsYURPJFl4V5t5gUpQWNRxucA0wssGKwslIirEyL5jQaVH6y6lLEhq0UPiPYXq3CYGV9o1ldLfLb9ptU7ju/8uJLjMtoH+QeJq93C/FfMpQCDPdhmskHXKcEAcdTUobDfG5sKzxLh10piB2eFUYR0V4gU2d8j54/tQeAPRR6dpVjfFjYytYfrWMV6iImxtd4NhTx3YlCiH1cfNRAWNIMi6nsRosLXmEwrGxpzf5PaUrzTSut5jvOGR7qv5hogIAc4YfSAA3MeUH9MF0FbhzW922IExzlcUuG6l46VDZX9cQFYQ0mCbX86IcgpW36ytSt5TnRYiWLdv6mQbDpWMAiK6AN/iMKcK+87EY31OHcYhpNBy1Hsx6CCUe1+0YVPst39iCO2x8hdTiuVOC9fY95kMVlsIgptup3maRM0k6eCDi/MDiE0tiDmF018RwXnA8+YJLZyuCMivG/rT0vIG0JXJveCDCsvTK/Uoic4FqW5cIRsAPtw+8KyXdXC/VQYW3zRlaf0X5hQJAR8vi4jUxCjoB/ssMjR6VEoKAThgmybA0+GAW8GHt5JXJzAZJUzM2l+h1GKKnh09ZRXF5C9etQkqgVd39Zrs4isFLs2YLBZ0RFEF0rpNkaHkesIymLvLn+oiuErlovnui7IrA5eh+4bgJa3vKg7Ho6sOoLWeLML7ELTqE41FUdWAjt9G65hbgLEch0Ysj67ZquB6Rc8MHT69I/6UzD6Q27hyChjbgfS/WG+1jHb6zubC8FxVTT3EtdrrliiuxS0E5pg/2Mzn4XqwMyiePeP36xSgTrLW+6CFVWvvv0u4G4tx2rQRRo+TxWCKQWDDzVf5DOR8I4vxqXgQODh2L/AG5e0yXsHeVQET0U/wCzFovnMptbzRJkjQ6V0TWbYqywRLbFs/WUsKYMY6qt/sMQYWG018S5sAZa9oRd+uogc1tyitXswtNR5UMW4vmBxmonNKCcUtE5OX7xxsajoBUaHth7dPj5hwDI8kyoUM9oSUw4ZcKqu85dr6QAmU0AB6RClOf2EeskxdXXziZqlSjJ7FyhAA9/rCCiPVUK2hpFfmGCwtJbehKhFOA1bC9ol4Kox+IJi7FdB/MBx8KOzP6hbu2OvWV7dYZ5htg2lUahxerX2jHAWDfeW1jFnbB+5VAoIOvaOTsDcEDWc8PCHhv4EL7fhj5nZRyetSmIAeDLSGdOvYMy5KCsCgg1I4AhmzT9XMZJyl0EVwBOL/MeUWg4fuFL5eDASrXhT1fqBayWsyrX96VGtgqt29o1lbBfGP73ide4TKmXD6QDiYUjO4Wz2Qz7xUlyNGN9vRgSuDvFvfqIPqRpeuK4D2ej8MxMLDmmbX7D1lIIOtiIQXip7sY5AyjHxGWBeHvChGhxbiEWdaqH1UEXiLk3i8L5YH4i9aIUGhXK5fBsIAIikUhUprHntL1WKr9Ai4smzzrPqytJQEeuHENEg0Mc5AghvNHVq38RQPBB1J+oJGwqejF16feISdXzGsQvFaf9lkA7jx0gSlA5MkswFcwp0766vSCKK0WixYFqm1+/4jLUOA4l460qOAvSmBAquv1VsWYgG2WnFWi8VKRLx6mDlVnUXuwnJSi9vOntMxMBqteYFxTSsUXcQW3rs9+dwWS2S0tOu1wzZ4EOoivuRcCqvNf/AGFrK1L2MAMcd0rEq8HSCFHk6S5ddyCYonEAYcE0PIUl+v7jrDiEpIZG66yoJSnQYiZhXDMVnsVcINdqofVCjACxzULgZNpn3YhJS6YyzWA9BaiAK1M+vXt25iW0PX7eZYg0UFQQVVN97mHzCmsYg3d3Ao/uvxKKtb4NStKb6IhmaJZinccIyy8CQXgU2dop0uDWHszcbubIOhLS685qYcCWf9QGKmlWPeIT6GmKsy9xNUu6Q0ps+pgjwYLHWeFEQ56G8ARgpW3RVY88wAUBpeWcqCHBGGnSHBfQ79f9mZAC14Jaq8bYT9TKSonGWI4Db/fMVMIBcdWYrEWrd4zcw7iD2BQ/MJTbNdYKOUHnyde8x1pkCvxzC0eVeb7TmqZxI9R/7DCtcIBbrBWx6ANwApPgqYsqmA5cDP1OlCrkt/yId3QOOdyheV1YuWQYcZZY3WJpTAdiVk0pzbl7ELuvGwzEyX7T9xaFlFHHaX8tY7L/AH2hEYFq+IojyRGYTBXaF6cWK9P3FWyGo2COKne1agYecNRgA7pMQ5uuhOPDMnVqpLPXcZLBpVT4lJaq0Vm/aK0RjjmAWRG4uVvHSVW74UQ8/UjQAXbQJZxQWb5YTNsZ3u0SmdaHP6Jgk4HgOWJ04KuYHViRFmEh4AduVdJmufDywEDvyPaPDyPYhsgtpSCJVqTxHMwETzc1OrzLwGkxESGM4hetDnzMoYEqLa5SFwLAeHzFTkmMFeIAXospv1OYxeNZfIk68Gg4YyhQ7xELaD6NQE1X1F1LCICgf2ZWCldekTQAvpqKWqus5WBqXLcvrMA3fRb+ILLgusr/AChE0GheWX8G46dolArmOhVxDsgC/WXKtuSC3dUI104Z31nAJxQ3KLgF9GaxtbRyMdhIMrSzIIF1nHhJjksUPwZWUpgenZh8CqCKrt5hZUbFaIgmlTMAZBbLmn1Hd7hESRL2Fw76jUCkqga9ZW4sjWoCGbZXGZTaX4l6MKDWXrGVjaLoJW6GzOAILKN0df33lfPZMcwk20ksQGq+V3KormoV5tz8xC9FmIXQgVXjZKwXWzhP3OVrs7xmIncRgrNmHdqdmn+yjRSK4K9Hhl/qKUhFQ5mFqBQCl6GEo4rAzSsY+otArHX3lo1jtCKja7S5ZXWAqJ2FvZgiwIaR4CXLK+H2jUXSPuomtFtUZ9Dz+IPVA5OB1fNwRBSxfRYfP+zPQaX0P3EkpsKuHO1kwTOBqqqWBwt6RllhmAbb8THuTNuO0cx4HD56eZdDIEeR3IOYDkFQTe3YBD1i9Rrp09GJ5PBMJkDl0YagVbC4yA7XEMn1HZUVmhtebvzLcZ23B0MLCSKL3MiEZQTdUOW4TBsfogoA5UY6D7e0eoJC3NrH9xK4QYi5P8EbiNEPD/MVHWk9GVXnFidw4iiDQigIsLWeJsBbrySwHGh1PwxAmpdrh0e/eCcC5D+JY536J9oDBrorxAO/cvXMWhNoOXmClFlJeIAGysiai33gXVxUOPT6jszWNwmOlKjAJWOu0GqxyOfxH1XelDEV0LpZlRMj3YGOpE2zIUXZeoj1L5q/vvGfNWIv/hX5/wCQBW8iH3iUXIhKBXEDdjL0uoNdmBrzX5lAuCbrcv4FXA4APmtwRfQzBCgruhMtml4mWGMfxhzkHoepEzRXW6jMoHvSeIqvTCzMyoNnH1FhfCIElmNPiKcU9clk1+Xi6jFed9x9MTVlul2v4JRoAXTKqa34Qcx3N1WNHb3uAfQB+mFnQfL++0Ebk++sfHzA3q2xJiDWVjFiwqPkiKmxOxDajhe1/eovVRZ1w2fiJneGSCodVhNkMjtMLhJdGTm/C9MvCswqxg4hN2yRcoM4/NwUVCZesIEK6OGKNYbckpkg4dD9RaMCiymo1yg7dY5kVdf9lwy6vBFjhbFMPk5iOjCLWeVY8DPaHFIYc88/3EaRMm3SBh6fUxJ1iyX3/qloDVXe/wDPvGxLVuUiMAp3xUYAMUCNk5Q3qpYABKWB0aBz0/J7Qm9T9YC35+GDNKpK+x7nfvGZ/I0PPHn/AJLfI6g5/uT2jxlyw9RFTUaQAfGpjrZzliZAq2xdWcp3N/iNFMnrEPRM5hFTJ7/UcHC7bLlqCOpTF0car1iLkOKG4dMBnY+MHxAhXYdi9nHmOiu6SX+X+xFMhRnp/fuI6cAHnj+7wptgGnpe37whABp+P7tEyuLfmC24rDsM6+NHbNRTMjkmXvBavSJEE2t5xxD7Zbz35lxBAMaTFfEIvYVhHqV86gkGhvn/AGOtEGdRmsvuPOSYKwxeD5hCa7w8O0Rdg4z8QhmdUY9GZnAw7hshNXWvMKrH1DNBcamEQto5faHmHZzHEUcB59NQBBNmgmCi7WY9XtGVGy2eWsSsdrVzvMci08uqys1IX0YFN1r6/wAuJVKcnuVNXVc+0R5ir3h8wxw9WHAke4XBUqdBk71KqArYZwzFMJgVKUsNXiXaNv5S9ekXLgYmR3CBYMsoL537QVZF4az7TYhswNF/j1jicONILL9WoC6F9YKPqFBiqlRDlZgzE4H1V9ptwMhTvRmHFEKW4+DllQcFFy9Zvbsb+/xADTXnjafaURlDZ+SUq6EL6ZjPkcHXOPxAc7KZ65iOLllvbN89K/2PZK6vBAtU8j9txAHUDfzKugsyPDxHtJYuXbpLIVMhldZZVQWcGHrGS26I9mEV47QWygG1Ey6fszgbbTdCzCxMKxmGS+sW3cSS1K04SZeXb6PiGaN/UKKnKy4Fg57wDaA5qUlTw1L4MRlmtBdB6ITGqpr5/UuiLwjpywW2yk6QOjV2VLTuA9EjILUL3/io8DgVKD9Flyg3uKbPC/aAEDqcvd/EbN8OUuzKOuZevBVNY4irFDVD/ql9cixCy5hJJdL3IUlGacvf8PvEBNHJS9mKifD38wqRpTmxjbLdW/8AYxNVYeJuZUR2Som6pT6etGrmgq2zLIBUspzUGoXboP3Kj/VAQ8QaeCjAHr+YmYLt1oIsWE2Vz/MAtBft0YTb2PRGGXuQxfrPl/MpJ1p9v9jX3AhlFoKByMFaJyPHpyxajxKIXLyi6w5hMtQLW8wcIg5UQ1QoJbbpBvFpKHPedoryXamMdSZyurpyMZXAaIl0zkGALv3lI7bpWe5K5Yeen+QCWwDRHtglN8w0Gasbg2X9OYE1XE9mon5g9FCjFkYhDkJ6RAoDBWXp+VgcYGMWt6Xy+JhbBaA+CGmhK11/riBpHX98zK14PZL0GZPFxXJphhb+KlL1lLGK0sPHWOc1oC8/6+1xHZwwaPKZWAo3Eks0Vy9D7wbLWckBqyVwPFE0CHCh+YBApgtXkksYVeil9cwVuwlifhhI9AWYU9uGHmxcnjtBICTM8dPEJAe7XT2hQtvqwYOjKAIlG6gRFrNfTgLuvWDEyw/5BrIKPGvaD8Cwl2eb3KGC7ZXrNvrNSAq3R0r7Ed2ZLL4dC+6w+Nds4wtD3r0iJMFTo2/gjvAcSZLP7HrGHKxBy67PMtxaE95qMD7/AOSsCsrfRGOiejgt+7LlFtt/JzHwC1SsHiD0YF8nmHcaYOEILadx8HZ6w0CQNDFfiGbWVDy+8DA54cL0jZjiEBTpTKAoHt7dPtLbuMsn6ovseTonbMRtYm2KdmLETSMnWoMa7o+C9wQgRmsfTrrrcZWUOS0SmA4xRUVtFpI6lyt/dEVajbgXtKCxp1mokLkWQc8vvD9RCKaviVKacA8dYGNzlE+0tlyVNom69cTNZQMb6/3mDmwj8XCg2ULG235I3BKFsC6thVchhELcOxvMN1zvdFEVhWjL4j5Vpqwf5FrUWhnuGCLQCkNes17t203DSVrWenh9695TwgAvZ9UgaygmgbPEc0mGfNcxpy9vLX3goGizTXkPpzkYLhawG6j1yYAOe+dQVbGESfwwc7Kmp8MHjg2qIHfOZswXvQeJfzAWcZu5bIPwJqM/EEvC67xUDog9BR9kV4YRfWJvuWYMRz1Aus6qGg6EqTu9PIKu/MFgt7AL5zK+ryQu3ziKVBaFYF+cykqZm2FGKvMKTB9pXhAVaGYYQKYe/SOwjB2/5949yE5OOp6QgTgqLJDFguaduYHc8PbtqaZ0qFRv1iCt5dmDZ9NdQj2cLqWAYqzUVNHcsAWxwOb4jRYTYWj4gUBQAIELbKYcAX1jSjUTXntNCwS1rogMGbC+s1Hgb8y9dFh+00kLHqxhEA4K/aY1R4JFWlO6nO5UwDTrXbNx4ucjEUAewsfIyvRDIf6gLUx4CvzCqSsRWIliBou6YxUrY6z0/usIVWqOFN2dx+IygyXWzk7QQHrtB1O5KrCmUub6XChCvoMUlRa2kiNW/P04GjkxqCjEwvREWIKsjIwuVC/enxFVI7S8fB8S0UvKDcrBao8woZ1El0lRx6r3BzxAh3pR6f8AIRqWIpb+BKQLZa6/1Q2UwvJMvyG7ipQLVCXZ6xap4EXrKdwGF5P73lTR4LbIeFieG4QeBodQoQuxu9U0/NRNAtPetGJpbAvwzDJtb0HS+vRjJWFAcch/ajlUEqfaCqQgJq+0pshQc2FXIWbCNSvTf04nHNaI0sQ7CffYL4jAhwj+YC9DnAUJR3kbVKx2gkLLZ5zTKbbOyUYuvdEWkeSXLisDzMSKwrHWJ1d1uHULRSl/EJwqGyYS7vb3Qad29hdJRZEzwPt7xIyXgyS+gnalT5IWxsOrE5UhRqs4igYEL6Jn8e0Ylt91f7cqEh755RBZl2YurPzcOjUSz9/uKsWlp/24CQ3PUjtMlbyeszFA0y2bde/04FvpEK3LcWpC3gWWqqPAXYCvlmjKoYfYIM12snvlKfSqVdbgdba17w3AQhTz2mw6EUczhv4iUplfzOdtHMLMtc8X5jQLAuC6hhaV0BwZrMth5pyEfcmc/kJtALbMf5Fd3IZSeH/Yg0rIZ38whpmgz3IAepEekK3rOfaUVRB9LX2iF5KsnH9cKgoleBlGXLPKuswXbg2eyfqUQG1o4fEJFtrHArgxrp9OS41BVcm7gRplSrERsBSrlreXO8evxCZKnAf25Sl4W7t5CXOyXTxMswsRzKCyEw9o4vayKG+MxzNVcBuPIzMmh5ZXdSugvowkdKEqj0r2jgf02B7nR6w1mgWhlOp5H4l8yAxkX/cQeocNRhUpgfmGOMS6PmBKzIPXKfFTDmMk6zSNZUUkBTFxqFEL6z0gltKmesOWistDtHNa9CfDN8FwWCij6eCIhouhyxiADbbZ/Etl5ZpuuD/fmcsQBeDsdD7ymlE2m5a5E1/a94SN/D3l1LeDc2iM1eGFyuXa2gdI0IuhzETVYKK5cfEyIjKcDqePeCCssfk9P3AIAoU78MeKNh1TFkKUJpiigUGZy69j2qLZZXr4lovj2gLdXoZRi3tNSbo+e8cgLANfJ3nKAbbh+4Nhque3eMAsXt/+aykjPvPTDqvW4DgHVlI5Ea4zaxttYNyFoJZB94Iljf0G3R7wAmjdBLX8SnCE7P7zLRgGunmF02qdGL/EA7R+YAbMNdTpFZpTqUU8ktbKDmALvZ93b7zBt6noY4gDTbm280fEqmAK3k7M2gG6cdSECegm3PozMD38wXcsYziauahAtZEK5oz7zAG1krR42l7OJY3Bl07TQBgPiANDi1H6CQ8x22qeYhsvWBWj1l6J8ECbXS4Y8UwVOI8UFKLZYkUeotlzLnOZbWDAG2F9a4gqOL8wZ1DwjiFK5uHpY7XEaQrMWsLOYO8Ef/eCnS5dFEvZXmUnUg5Dtf8AsMe4k33g1iGwt1fT4gQcv4jS8GccRDkOoqvZqHDACoPEbbtvmLBDsCEnjyGA4Q6P4iJVpS+n7/UMtct8L0ekuIZLSGuOIg1ZYfENaEEzDDSkSPV495SPW5Ys41PSlMryalyHFLr7wzflWfhLZ97olg4myBZuNBL4cqyl4olalZIO6Z95lah4zGS6dZpkpt0RHVm3iNLqbUGm2WCOQhrXMsvwOWXrty1EKmL6QG6PeYg9mdzmo90rYOIQsoGf/cSnJUUXpYU+WRNHS8V8wA3ieM/qbl+bzdX+IKlLsrTErq+nSW0FNzQ4F08QiXx6kAvIqGaemsxiEqwweuO8LAgQAtVz8wEkuHTOMzO0NWH9/sZbL9ktwVpEx7w0V1VK5jRmX2ecwwcQOzyrVcMIpbEV643BrG+KdOks4eUPvLct3nhiXPU6RKsPWEyXqUqm0y0MPA5ZcqDgOfLFmx8uoKNym2IVlxFA/dQdbviZjZNsKGnWo5fAY5iGC18QNbzqYZ2vlhxEWCUl/wDup0w7gFLDyo4VbIrHuphuDkKfeM+eWXDVfiVGhS7IhCkBrcGUOeesJhja2qOsB8AJsmAAWb1ntr/Yxct2o5/cCupMnXTHjpPLo8YY0SU4q42uNPQ3Lzd9YSx0ICnhCFgGTPWbV4ZQhqBUWszJuxVjiCtFQP4ZclYhd44hxm62Rcmg3iJZT0NR5rly3DTcm0hBs0FQgjJAm1o1FSA4zhgS5pI3yHUgtm3AaUrYQWheWLEMgISqE96jFP6hLxeeIwdTvc3MVl/9vMq0ERqA5xgizEDjiWOsL7IU+BtdPpAHwYtJSOJfBJqFqrgCUZIbXvBySjLhjVV6piU4Vqp2mEQ3sompFnqlf0bHLOGg4X4meO4gpaaFwMVLAcxwrQ+sAu6YqlvmHi2MXmstPjiGBVXHaCzFdODzBWMCheI9YKcf3gkjbjrBriC4upFSO4SEoqFzOXcZTfe7hNZ2yrIYczYPBGwCchLNuQUVN81DGQrGI4qZolDvO8GHrHkmNB0hpzHAQ1gen/uQi6IGZeeIDS1tMuRIDdbyYiPGEAswLDRiAYsn7fMtgEVQuMZcZByHSCdaqgdw3TG7HSDhIMLRfdbSCravCCjivL8RybNtUxumoOBtM11i6Uo81EoAtOI1EVKd6lkqt1piPfja/rzKFpuCol3TG1VWRHDWN+I6lbSzomJ1xsepAptVBWSHohBlVWzdXhg9C7qIXUYHVEBcXT8zij5uFh2mEFQ/MgysU6cwks9GObqdFlU1buQE3nRAAs91mWHReJTpSCecE5wV+gFF2KAWgXbrNzkIchfSFBtSlbV96fiKUbImBrEv0tt4UBOiFekqfC0gVZkBMnMCqw1vGYFSCGHd1KYg6UwkVuh7GIBW6L3teYCwAwnWqz6o0wuEXGnYKvf5/sUwBDFtRjnTKqKDquFYOWJkwGjkyys1i08xZM0u+grMKm2IPUIlp1I4kxWujMbjVsLuWeUsc55hnMadX0lqL+WjklLxaSPDD8UJo2soi3btmpltvhXfsYDTYz3FqzAlEmlPpNEXpAdCdglHT6GNYikjh9UXPjmNW80aviX8AOh3faY512C/ZhNbWCt2O+LZV4bKLXTmUyh2gYW5/hKmeiJBryymxA0Prj3Q8jUIc3VwwQM4mR4q4UFyM0MPvLbb/kXd5lka2E18wA1PK8wrV6QHh7QDh7Tsfadp7Srj7Ts52cX2faAOA9ICUEW2Gf8AMhpF4P8A9bf/2Q=='  WHERE idUser = 1; 
-- UPDATE User_ set firstName = '마르코' where idUser = 1;
-- UPDATE User_ set lastName = '가르디다 코르테스' where idUser = 1;
-- SELECT COUNT(*) AS surveysCount FROM Survey ;
-- SELECT COUNT(*) AS volunteersCount FROM User_ WHERE userType = "voluntario";
-- SELECT firstName, lastname, img from User_ WHERE idUser = 1;